 Visible OpenACC devices:            1
 errorU,errorT:    1.000000000000000        1.1410086835739680E-002
 errorU,errorT:   0.4979537786109636        3.3295465587396399E-002
 errorU,errorT:   0.3316202305802966        5.4693168490678616E-002
 errorU,errorT:   0.2460208633566544        7.5523682880492049E-002
 errorU,errorT:   0.1926911015332281        9.5785307696743330E-002
 errorU,errorT:   0.1563836230142918        0.1154034308732409     
 errorU,errorT:   0.1299720832721945        0.1340206701279156     
 errorU,errorT:   0.1086669425873554        0.1512186991736632     
 errorU,errorT:   8.9532249417636170E-002   0.1661494484296367     
 errorU,errorT:   7.1799665968890758E-002   0.1777266266963232     
 errorU,errorT:   5.7138621117521736E-002   0.1848368216145717     
 errorU,errorT:   4.8683849234258426E-002   0.1869680067023030     
 errorU,errorT:   5.0889873454780368E-002   0.1841714294133225     
 errorU,errorT:   6.2112478052769746E-002   0.1774713689945105     
 errorU,errorT:   7.9616682915438206E-002   0.1677398953357636     
 errorU,errorT:   0.1012774210963316        0.1557654413154989     
 errorU,errorT:   0.1256486877143366        0.1427256989255087     
 errorU,errorT:   0.1528221797661521        0.1302945413999587     
 errorU,errorT:   0.1819655559380902        0.1192882283710617     
 errorU,errorT:   0.2141158230885893        0.1115992213291510     
 errorU,errorT:   0.2486513975521678        0.1070674856281252     
 errorU,errorT:   0.2845211091083188        0.1043631906805996     
 errorU,errorT:   0.3197239198236624        0.1029420540224442     
 errorU,errorT:   0.3435274425050208        0.1008105503454969     
 errorU,errorT:   0.3468069852864510        0.1009532216559081     
 errorU,errorT:   0.3261761511797122        0.1042138998474589     
 errorU,errorT:   0.2924788062825456        0.1116342269875652     
 errorU,errorT:   0.2575068612824762        0.1230866608166909     
 errorU,errorT:   0.2264168823373017        0.1378326256690487     
 errorU,errorT:   0.2012262603945696        0.1553295836444973     
 errorU,errorT:   0.1803238964748985        0.1740891903727107     
 errorU,errorT:   0.1626089244164415        0.1921908698510875     
 errorU,errorT:   0.1474368389568912        0.2067968746607146     
 errorU,errorT:   0.1355953837069439        0.2148704322300454     
 errorU,errorT:   0.1284064139042488        0.2150440542146657     
 errorU,errorT:   0.1261807534717541        0.2091193483738804     
 errorU,errorT:   0.1279825051343885        0.1987578788426573     
 errorU,errorT:   0.1342844136587558        0.1833868117054807     
 errorU,errorT:   0.1457296244738822        0.1648625246348588     
 errorU,errorT:   0.1625377749286695        0.1476592380736033     
 errorU,errorT:   0.1833730530322235        0.1320287229899746     
 errorU,errorT:   0.2057847145649317        0.1144874396783538     
 errorU,errorT:   0.2287886823300424        9.3312484893409778E-002
 errorU,errorT:   0.2529467454416177        7.2052804685487096E-002
t_ff=    10.00011 NuVolAvg= -5.15505E+00 ReVolRMS=  3.70727E+02
 errorU,errorT:   0.2796414459808984        5.6156402608190430E-002
 errorU,errorT:   0.3045531143937653        4.9046687711901328E-002
 errorU,errorT:   0.3185464395321135        5.1864005215621248E-002
 errorU,errorT:   0.3143576797085089        6.2552360589139322E-002
 errorU,errorT:   0.2956086072619800        7.6787067940122258E-002
 errorU,errorT:   0.2699412880763160        9.0932893960567113E-002
 errorU,errorT:   0.2422942060910484        0.1036631375240618     
 errorU,errorT:   0.2159486588412475        0.1154113160884633     
 errorU,errorT:   0.1913864445194426        0.1257369457558700     
 errorU,errorT:   0.1700554703271381        0.1344088036564937     
 errorU,errorT:   0.1524398131289504        0.1408829307227246     
 errorU,errorT:   0.1386053701739862        0.1450734202250206     
 errorU,errorT:   0.1286072176551590        0.1474583028649514     
 errorU,errorT:   0.1220198337476250        0.1482505446032530     
 errorU,errorT:   0.1188278614005686        0.1474980277703426     
 errorU,errorT:   0.1182521109764628        0.1443093096985480     
 errorU,errorT:   0.1197551274109980        0.1381084929268709     
 errorU,errorT:   0.1232948870377945        0.1292010119313637     
 errorU,errorT:   0.1289111207697312        0.1181714996932755     
 errorU,errorT:   0.1362149075501557        0.1060334214680113     
 errorU,errorT:   0.1444530410982504        9.3974671102254007E-002
 errorU,errorT:   0.1538044757087166        8.2863775416810601E-002
 errorU,errorT:   0.1643834655782129        7.2603040199913912E-002
 errorU,errorT:   0.1766598331546760        6.2467538134777227E-002
 errorU,errorT:   0.1910847340527473        5.2004814308190914E-002
 errorU,errorT:   0.2065593123843861        4.1712620153925108E-002
 errorU,errorT:   0.2204584568193757        3.3365099641574268E-002
 errorU,errorT:   0.2284735564534319        2.9935672479051236E-002
 errorU,errorT:   0.2271568392835428        3.3013607609394105E-002
 errorU,errorT:   0.2169740413622185        4.0331962271274599E-002
 errorU,errorT:   0.2013452640684059        4.8884938737234769E-002
 errorU,errorT:   0.1842819156012521        5.7165509528369643E-002
 errorU,errorT:   0.1679677788626988        6.4639158715923989E-002
 errorU,errorT:   0.1533370903668690        7.1297976986460926E-002
 errorU,errorT:   0.1406106447469613        7.7235934069839488E-002
 errorU,errorT:   0.1294798641072239        8.2300613327580874E-002
 errorU,errorT:   0.1192413574001566        8.5889251124765309E-002
 errorU,errorT:   0.1097488424848530        8.7301051038689209E-002
 errorU,errorT:   0.1020745723270674        8.6273209590407005E-002
 errorU,errorT:   9.7895355664056799E-002   8.3237560202358563E-002
 errorU,errorT:   9.7883627466768319E-002   7.8836590587078037E-002
 errorU,errorT:   0.1019611726621117        7.3388748540451701E-002
 errorU,errorT:   0.1102792494214149        6.7041502531701908E-002
 errorU,errorT:   0.1224789611735199        5.9924224092449019E-002
t_ff=    20.00023 NuVolAvg= -8.11013E+00 ReVolRMS=  3.27229E+02
 errorU,errorT:   0.1383725608672076        5.2409126083065652E-002
 errorU,errorT:   0.1584284531959030        4.4982839314482138E-002
 errorU,errorT:   0.1812389709399110        3.8046844025046649E-002
 errorU,errorT:   0.2026644760879847        3.2082971318701858E-002
 errorU,errorT:   0.2175489441349198        2.7674433593784863E-002
 errorU,errorT:   0.2217936081693880        2.5271332993123626E-002
 errorU,errorT:   0.2148686641029763        2.4964585743379165E-002
 errorU,errorT:   0.1999472647845464        2.6455174986235046E-002
 errorU,errorT:   0.1811517734158925        2.9191839085550945E-002
 errorU,errorT:   0.1615647312899539        3.2626196673949268E-002
 errorU,errorT:   0.1426935487614908        3.6280393657889549E-002
 errorU,errorT:   0.1251513112047373        3.9825221469462165E-002
 errorU,errorT:   0.1092972817509118        4.3094987041806559E-002
 errorU,errorT:   9.5520051697236361E-002   4.6027343799532203E-002
 errorU,errorT:   8.4007750868746539E-002   4.8555298521506515E-002
 errorU,errorT:   7.4592505891634908E-002   5.0592737413218201E-002
 errorU,errorT:   6.7185841188311238E-002   5.2045003394143745E-002
 errorU,errorT:   6.1763158683211375E-002   5.2815126453099256E-002
 errorU,errorT:   5.8241815520859427E-002   5.2809932942705938E-002
 errorU,errorT:   5.6543483121381639E-002   5.1958661487166567E-002
 errorU,errorT:   5.6693841917243137E-002   5.0243173012895818E-002
 errorU,errorT:   5.9036985844577575E-002   4.7690908007371517E-002
 errorU,errorT:   6.3917663277324677E-002   4.4353878505045352E-002
 errorU,errorT:   7.1373763359083284E-002   4.0311739681485229E-002
 errorU,errorT:   8.1014621428830619E-002   3.5700484830916722E-002
 errorU,errorT:   9.2194136813324487E-002   3.0738627229968903E-002
 errorU,errorT:   0.1042842685531035        2.5752436335128255E-002
 errorU,errorT:   0.1166584531497853        2.1136934262685494E-002
 errorU,errorT:   0.1286006942825768        1.7359308497682847E-002
 errorU,errorT:   0.1391075990273864        1.4989797134626254E-002
 errorU,errorT:   0.1468271859329412        1.4589283177058227E-002
 errorU,errorT:   0.1503590087699950        1.6198282650187995E-002
 errorU,errorT:   0.1488410122958847        1.9229338373707831E-002
 errorU,errorT:   0.1424555479464281        2.2969380995876126E-002
 errorU,errorT:   0.1323695449618161        2.6893928666998749E-002
 errorU,errorT:   0.1201892515574042        3.0655398655507832E-002
 errorU,errorT:   0.1073795764616562        3.4003541397250328E-002
 errorU,errorT:   9.5026444596194748E-002   3.6781840521658116E-002
 errorU,errorT:   8.3830315932062666E-002   3.8873964147508877E-002
 errorU,errorT:   7.4273736678789642E-002   4.0223182528304494E-002
 errorU,errorT:   6.6792797814569677E-002   4.0809958980129200E-002
 errorU,errorT:   6.1989274711037747E-002   4.0633856685484138E-002
 errorU,errorT:   6.0716755652705984E-002   3.9723133132543734E-002
 errorU,errorT:   6.3660268172513274E-002   3.8104506798252676E-002
 errorU,errorT:   7.0773523401397129E-002   3.5828657071957801E-002
t_ff=    30.00011 NuVolAvg= -2.41409E+00 ReVolRMS=  2.63771E+02
 errorU,errorT:   8.1154014178425174E-002   3.2960646805434222E-002
 errorU,errorT:   9.3460025868767574E-002   2.9589090088648403E-002
 errorU,errorT:   0.1062294925146999        2.5829333529768957E-002
 errorU,errorT:   0.1179414099676460        2.1819154538174224E-002
 errorU,errorT:   0.1271076364399682        1.7735580425027528E-002
 errorU,errorT:   0.1324812237465948        1.3836158862940521E-002
 errorU,errorT:   0.1334193555764124        1.0583258509893726E-002
 errorU,errorT:   0.1300874492171605        8.8330487200035043E-003
 errorU,errorT:   0.1233094155311291        9.3932076393462571E-003
 errorU,errorT:   0.1141984921919633        1.1781399610105499E-002
 errorU,errorT:   0.1037775680419831        1.4963980059058312E-002
 errorU,errorT:   9.2825898329302992E-002   1.8334637906581835E-002
 errorU,errorT:   8.1862888008462142E-002   2.1601915167727359E-002
 errorU,errorT:   7.1199710753175452E-002   2.4599429372200748E-002
 errorU,errorT:   6.1027920352945360E-002   2.7206618819236864E-002
 errorU,errorT:   5.1493778668271817E-002   2.9329029499284686E-002
 errorU,errorT:   4.2842027069024499E-002   3.0891870238199417E-002
 errorU,errorT:   3.5550472600372501E-002   3.1843794182562397E-002
 errorU,errorT:   3.0452885895683006E-002   3.2158357574578182E-002
 errorU,errorT:   2.8607369982394465E-002   3.1831297344935068E-002
 errorU,errorT:   3.0492138781756318E-002   3.0887778448835963E-002
 errorU,errorT:   3.5458172108099553E-002   2.9369628099132593E-002
 errorU,errorT:   4.2393886805397935E-002   2.7336875881368201E-002
 errorU,errorT:   5.0434633489154279E-002   2.4860544408407927E-002
 errorU,errorT:   5.9027011944578080E-002   2.2020389709303475E-002
 errorU,errorT:   6.7784236040662638E-002   1.8913929266001609E-002
 errorU,errorT:   7.6367259327333750E-002   1.5652916029813370E-002
 errorU,errorT:   8.4409590482120767E-002   1.2394631446575788E-002
 errorU,errorT:   9.1480129343035427E-002   9.3994254192403103E-003
 errorU,errorT:   9.7087909369060421E-002   7.1983218187391517E-003
 errorU,errorT:   0.1007366502540675        6.6730608995083313E-003
 errorU,errorT:   0.1020147072839439        8.0559817460345764E-003
 errorU,errorT:   0.1007143179375608        1.0461706086395434E-002
 errorU,errorT:   9.6901693071206094E-002   1.3157637349626961E-002
 errorU,errorT:   9.0919546585000427E-002   1.5801924582676256E-002
 errorU,errorT:   8.3311430211606446E-002   1.8227734108636748E-002
 errorU,errorT:   7.4711261737445342E-002   2.0341801671272072E-002
 errorU,errorT:   6.5777286037390095E-002   2.2083534023740838E-002
 errorU,errorT:   5.7172426025262936E-002   2.3415443454767988E-002
 errorU,errorT:   4.9624081813906394E-002   2.4313669184383713E-002
 errorU,errorT:   4.3991400224617346E-002   2.4765660521928603E-002
 errorU,errorT:   4.1188685971002156E-002   2.4768168628390822E-002
 errorU,errorT:   4.1791380748421897E-002   2.4324893607377614E-002
 errorU,errorT:   4.5572357177476250E-002   2.3447850293431560E-002
t_ff=    40.00022 NuVolAvg=  3.18273E+00 ReVolRMS=  2.36105E+02
 errorU,errorT:   5.1656430900339292E-002   2.2156586764753856E-002
 errorU,errorT:   5.9029187669958599E-002   2.0479746592015128E-002
 errorU,errorT:   6.6800847318613521E-002   1.8455880323132941E-002
 errorU,errorT:   7.4216202364627198E-002   1.6135784998140352E-002
 errorU,errorT:   8.0609383297176429E-002   1.3586753739823714E-002
 errorU,errorT:   8.5413383844206520E-002   1.0905064811266039E-002
 errorU,errorT:   8.8208956910501068E-002   8.2511518569759381E-003
 errorU,errorT:   8.8785118953845263E-002   5.9664605877084113E-003
 errorU,errorT:   8.7164892405969890E-002   4.8414577012287612E-003
 errorU,errorT:   8.3574086864913633E-002   5.6414152834010356E-003
 errorU,errorT:   7.8369278985986696E-002   7.6972345049359514E-003
 errorU,errorT:   7.1956159893265412E-002   1.0128739932851979E-002
 errorU,errorT:   6.4726878432189092E-002   1.2548604692165660E-002
 errorU,errorT:   5.7028798484231778E-002   1.4786151158727544E-002
 errorU,errorT:   4.9163631527223250E-002   1.6746798243556436E-002
 errorU,errorT:   4.1410007768449900E-002   1.8370679627335226E-002
 errorU,errorT:   3.4079969346286688E-002   1.9617129437921155E-002
 errorU,errorT:   2.7617943620594495E-002   2.0460765484444834E-002
 errorU,errorT:   2.2761307305145646E-002   2.0888272560059207E-002
 errorU,errorT:   2.0567265403131127E-002   2.0897002930055305E-002
 errorU,errorT:   2.1694824397307213E-002   2.0495198396050802E-002
 errorU,errorT:   2.5543836671309834E-002   1.9699514589130034E-002
 errorU,errorT:   3.0948632785710285E-002   1.8536469164953179E-002
 errorU,errorT:   3.7056242284912895E-002   1.7040415354501699E-002
 errorU,errorT:   4.3366124332583342E-002   1.5254049219338492E-002
 errorU,errorT:   4.9556654082618182E-002   1.3229441524240272E-002
 errorU,errorT:   5.5373882365717594E-002   1.1029045260265461E-002
 errorU,errorT:   6.0577253696214410E-002   8.7357202903606719E-003
 errorU,errorT:   6.4921604243488376E-002   6.4780713679558847E-003
 errorU,errorT:   6.8160565387960226E-002   4.5300916797049746E-003
 errorU,errorT:   7.0067083159268267E-002   3.5759375843034012E-003
 errorU,errorT:   7.0463861454000479E-002   4.2952530863112617E-003
 errorU,errorT:   6.9256535327144431E-002   6.0130946395694097E-003
 errorU,errorT:   6.6455050425867079E-002   7.9812160379410680E-003
 errorU,errorT:   6.2179079747374064E-002   9.9099952662329797E-003
 errorU,errorT:   5.6643329646053960E-002   1.1679713965167829E-002
 errorU,errorT:   5.0133705423434705E-002   1.3226164282791738E-002
 errorU,errorT:   4.2993071774619182E-002   1.4507688940837194E-002
 errorU,errorT:   3.5635478488485181E-002   1.5496361615372115E-002
 errorU,errorT:   2.8635111033393341E-002   1.6172858768465682E-002
 errorU,errorT:   2.2939740132416012E-002   1.6525765505904993E-002
 errorU,errorT:   2.0074431082552312E-002   1.6550572187278470E-002
 errorU,errorT:   2.1272209393839211E-002   1.6249190223999930E-002
 errorU,errorT:   2.5793703331130093E-002   1.5630637886679226E-002
t_ff=    50.00011 NuVolAvg=  7.86822E+00 ReVolRMS=  2.23770E+02
 errorU,errorT:   3.1934139113104540E-002   1.4710491838790562E-002
 errorU,errorT:   3.8489913265774521E-002   1.3511910721134161E-002
 errorU,errorT:   4.4760839683694292E-002   1.2065843797084587E-002
 errorU,errorT:   5.0294759316090211E-002   1.0412285317500500E-002
 errorU,errorT:   5.4768070400419817E-002   8.6037410778767795E-003
 errorU,errorT:   5.7953397401843014E-002   6.7142827237773395E-003
 errorU,errorT:   5.9718679207228675E-002   4.8729253725737698E-003
 errorU,errorT:   6.0030891887151001E-002   3.3861309990491344E-003
 errorU,errorT:   5.8950567413181790E-002   2.9782340052549460E-003
 errorU,errorT:   5.6614235087463771E-002   3.9651994239697612E-003
 errorU,errorT:   5.3209110139320066E-002   5.5651173675490681E-003
 errorU,errorT:   4.8947230314086806E-002   7.2707096063468922E-003
 errorU,errorT:   4.4045201033003523E-002   8.8957739514130378E-003
 errorU,errorT:   3.8714109223110610E-002   1.0354983757450909E-002
 errorU,errorT:   3.3161890872766407E-002   1.1598274181983158E-002
 errorU,errorT:   2.7612661746085808E-002   1.2592803848469475E-002
 errorU,errorT:   2.2356640630560452E-002   1.3316861314945343E-002
 errorU,errorT:   1.7856279255629850E-002   1.3757848418648718E-002
 errorU,errorT:   1.4900640344760099E-002   1.3910969979692824E-002
 errorU,errorT:   1.4428013769442395E-002   1.3778749621644494E-002
 errorU,errorT:   1.6520789673088988E-002   1.3370623946148099E-002
 errorU,errorT:   2.0227338356309577E-002   1.2702302117862916E-002
 errorU,errorT:   2.4631187500573283E-002   1.1795859276920605E-002
 errorU,errorT:   2.9196416520319159E-002   1.0679130280770291E-002
 errorU,errorT:   3.3614858251482867E-002   9.3862085262908495E-003
 errorU,errorT:   3.7679034916481266E-002   7.9584527477155314E-003
 errorU,errorT:   4.1224529395539840E-002   6.4481955727415169E-003
 errorU,errorT:   4.4108485007391139E-002   4.9314607721797606E-003
 errorU,errorT:   4.6205331612407100E-002   3.5497041218492853E-003
 errorU,errorT:   4.7411254492963677E-002   2.6382176136473304E-003
 errorU,errorT:   4.7652517119701816E-002   2.7228673728391032E-003
 errorU,errorT:   4.6894303736710247E-002   3.6723621467619105E-003
 errorU,errorT:   4.5147382385041422E-002   4.9272383036555326E-003
 errorU,errorT:   4.2470351379700282E-002   6.2099354398048676E-003
 errorU,errorT:   3.8968571984290115E-002   7.4097757713496200E-003
 errorU,errorT:   3.4791274248703617E-002   8.4719978043613954E-003
 errorU,errorT:   3.0133338891894033E-002   9.3635944315006280E-003
 errorU,errorT:   2.5252053495569440E-002   1.0062646217321449E-002
 errorU,errorT:   2.0519442014119687E-002   1.0554661347737302E-002
 errorU,errorT:   1.6544072797627658E-002   1.0830859705597983E-002
 errorU,errorT:   1.4294960461425315E-002   1.0887707120214590E-002
 errorU,errorT:   1.4651767381108278E-002   1.0726516215166623E-002
 errorU,errorT:   1.7308283017628292E-002   1.0353369645271395E-002
 errorU,errorT:   2.1155885724733668E-002   9.7791390512736633E-003
 errorU,errorT:   2.5330925246297365E-002   9.0194185507158076E-003
t_ff=    60.00022 NuVolAvg=  1.11255E+01 ReVolRMS=  2.21068E+02
 errorU,errorT:   2.9336426475237810E-002   8.0948172166082719E-003
 errorU,errorT:   3.2878750629562040E-002   7.0313944990308191E-003
 errorU,errorT:   3.5770367446525501E-002   5.8623390934562196E-003
 errorU,errorT:   3.7890569186683473E-002   4.6329484541700518E-003
 errorU,errorT:   3.9170969397907963E-002   3.4172515228108897E-003
 errorU,errorT:   3.9589061732221972E-002   2.3797614341997380E-003
 errorU,errorT:   3.9163108159921904E-002   1.9330766548542409E-003
 errorU,errorT:   3.7945737359190178E-002   2.4197643427463114E-003
 errorU,errorT:   3.6016234756529139E-002   3.4104279447127995E-003
 errorU,errorT:   3.3472577160985319E-002   4.5140172364084045E-003
 errorU,errorT:   3.0424731638162405E-002   5.5833037632148051E-003
 errorU,errorT:   2.6990788703970731E-002   6.5545337840683376E-003
 errorU,errorT:   2.3298138476650975E-002   7.3916893721442450E-003
 errorU,errorT:   1.9493519387023563E-002   8.0712921062096668E-003
 errorU,errorT:   1.5771803236307624E-002   8.5776220689355778E-003
 errorU,errorT:   1.2446840194763036E-002   8.9009221716276569E-003
 errorU,errorT:   1.0084582267699087E-002   9.0367112332150473E-003
 errorU,errorT:   9.4742712744602265E-003   8.9852806080669007E-003
 errorU,errorT:   1.0839567389999262E-002   8.7514679327615058E-003
 errorU,errorT:   1.3459401245583071E-002   8.3443569180167276E-003
 errorU,errorT:   1.6583844170012702E-002   7.7770201866904877E-003
 errorU,errorT:   1.9788709810785399E-002   7.0664004904691944E-003
 errorU,errorT:   2.2843225293412116E-002   6.2332186391790998E-003
 errorU,errorT:   2.5602029096553198E-002   5.3025620090630856E-003
 errorU,errorT:   2.7959021590506561E-002   4.3057573220942700E-003
 errorU,errorT:   2.9829993604870726E-002   3.2869392288373744E-003
 errorU,errorT:   3.1147312638708406E-002   2.3268908653658626E-003
 errorU,errorT:   3.1859799896289620E-002   1.6313380629438643E-003
 errorU,errorT:   3.1934751478542453E-002   1.6147314244063884E-003
 errorU,errorT:   3.1360402230382382E-002   2.2566811099829082E-003
 errorU,errorT:   3.0147950780332777E-002   3.1235541697084302E-003
 errorU,errorT:   2.8332709549010571E-002   4.0094664956881829E-003
 errorU,errorT:   2.5974607365932757E-002   4.8386612627791294E-003
 errorU,errorT:   2.3159337508944049E-002   5.5740968074666636E-003
 errorU,errorT:   2.0002690970233911E-002   6.1929703881094074E-003
 errorU,errorT:   1.6664601023577683E-002   6.6797277906041116E-003
 errorU,errorT:   1.3387967156445654E-002   7.0237840525674876E-003
 errorU,errorT:   1.0592969873521561E-002   7.2186839883135985E-003
 errorU,errorT:   9.0006167092095551E-003   7.2617296583712158E-003
 errorU,errorT:   9.3061757322710562E-003   7.1538604711461375E-003
 errorU,errorT:   1.1249812566402796E-002   6.8995223905606003E-003
 errorU,errorT:   1.3975841200608458E-002   6.5066160624347074E-003
 errorU,errorT:   1.6875993269653874E-002   5.9864443504097486E-003
 errorU,errorT:   1.9624631728908513E-002   5.3537385606930278E-003
t_ff=    70.00011 NuVolAvg=  1.34718E+01 ReVolRMS=  2.23853E+02
 errorU,errorT:   2.2038316987351321E-002   4.6269957791613024E-003
 errorU,errorT:   2.4004206291776197E-002   3.8295644462860920E-003
 errorU,errorT:   2.5451745537247251E-002   2.9933265546984189E-003
 errorU,errorT:   2.6341414283280098E-002   2.1715552324297403E-003
 errorU,errorT:   2.6659485729557352E-002   1.4888951432183704E-003
 errorU,errorT:   2.6414566845201302E-002   1.2601454116148501E-003
 errorU,errorT:   2.5634410469701933E-002   1.6696056372742460E-003
 errorU,errorT:   2.4362633013580583E-002   2.3700135318272990E-003
 errorU,errorT:   2.2655565456646220E-002   3.1213393579993731E-003
 errorU,errorT:   2.0579787458119558E-002   3.8380652902223326E-003
 errorU,errorT:   1.8211220510288673E-002   4.4818874122334786E-003
 errorU,errorT:   1.5637341937599986E-002   5.0303930216733447E-003
 errorU,errorT:   1.2966176424925055E-002   5.4686784629962943E-003
 errorU,errorT:   1.0351450457284122E-002   5.7867448007449937E-003
 errorU,errorT:   8.0571042823067759E-003   5.9785328375014249E-003
 errorU,errorT:   6.5742775120070287E-003   6.0415074147716179E-003
 errorU,errorT:   6.5104711072709130E-003   5.9764334474747280E-003
 errorU,errorT:   7.8304155126633686E-003   5.7871786802557654E-003
 errorU,errorT:   9.8796743785335497E-003   5.4805619779888402E-003
 errorU,errorT:   1.2154072779701132E-002   5.0661776168899417E-003
 errorU,errorT:   1.4393913022527112E-002   4.5562870824677809E-003
 errorU,errorT:   1.6458099273116724E-002   3.9658613044426883E-003
 errorU,errorT:   1.8257110600897804E-002   3.3130540493888252E-003
 errorU,errorT:   1.9727087577102419E-002   2.6210788495894953E-003
 errorU,errorT:   2.0820315057381647E-002   1.9249167751083105E-003
 errorU,errorT:   2.1502085560220478E-002   1.2986611552119613E-003
 errorU,errorT:   2.1750143517762732E-002   9.5552029647233210E-004
 errorU,errorT:   2.1555106310022578E-002   1.1726175723741983E-003
 errorU,errorT:   2.0921127729781847E-002   1.7202142139339438E-003
 errorU,errorT:   1.9866465396810331E-002   2.3371207884368408E-003
 errorU,errorT:   1.8423970440160597E-002   2.9345866284014740E-003
 errorU,errorT:   1.6641852121348218E-002   3.4774294146328395E-003
 errorU,errorT:   1.4585764767187136E-002   3.9463203572731561E-003
 errorU,errorT:   1.2344770021253964E-002   4.3285989435543236E-003
 errorU,errorT:   1.0047643881347348E-002   4.6156144532891854E-003
 errorU,errorT:   7.9060131263079068E-003   4.8018039680994603E-003
 errorU,errorT:   6.3072020094510845E-003   4.8843408164708085E-003
 errorU,errorT:   5.8283466175675829E-003   4.8629633616201484E-003
 errorU,errorT:   6.6819206560433282E-003   4.7398672573844775E-003
 errorU,errorT:   8.3590300401394507E-003   4.5196246002489528E-003
 errorU,errorT:   1.0315792067764376E-002   4.2091001289527464E-003
 errorU,errorT:   1.2251771370637017E-002   3.8174156309174327E-003
 errorU,errorT:   1.4009623398279098E-002   3.3560123425219641E-003
 errorU,errorT:   1.5498318232576658E-002   2.8390347584822157E-003
t_ff=    80.00022 NuVolAvg=  1.50711E+01 ReVolRMS=  2.26924E+02
 errorU,errorT:   1.6661629567126839E-002   2.2846660976098814E-003
 errorU,errorT:   1.7465731653533399E-002   1.7196466568035406E-003
 errorU,errorT:   1.7893835788248859E-002   1.1963605331806277E-003
 errorU,errorT:   1.7943384882092062E-002   8.5544740985421519E-004
 errorU,errorT:   1.7624124699654412E-002   9.3492629332011645E-004
 errorU,errorT:   1.6956462107219922E-002   1.3417282508381321E-003
 errorU,errorT:   1.5969986444896823E-002   1.8402547981074334E-003
 errorU,errorT:   1.4702283234651517E-002   2.3359367559179804E-003
 errorU,errorT:   1.3198376317002242E-002   2.7925932478513288E-003
 errorU,errorT:   1.1511514321917276E-002   3.1913809015195150E-003
 errorU,errorT:   9.7069294583326925E-003   3.5203334050885400E-003
 errorU,errorT:   7.8728237440026817E-003   3.7713615295475074E-003
 errorU,errorT:   6.1501264799922167E-003   3.9392371401025771E-003
 errorU,errorT:   4.8034284514134554E-003   4.0211982964176744E-003
 errorU,errorT:   4.2759431977028792E-003   4.0167510678961148E-003
 errorU,errorT:   4.8217916385603467E-003   3.9275417286323781E-003
 errorU,errorT:   6.0866801603755311E-003   3.7572433428700617E-003
 errorU,errorT:   7.6238637472046712E-003   3.5114440391434648E-003
 errorU,errorT:   9.1875949345780299E-003   3.1975585590916220E-003
 errorU,errorT:   1.0653243049108823E-002   2.8247974593970542E-003
 errorU,errorT:   1.1948330446353512E-002   2.4043370252074068E-003
 errorU,errorT:   1.3024787532962866E-002   1.9500600442876484E-003
 errorU,errorT:   1.3848587276567636E-002   1.4811976989361308E-003
 errorU,errorT:   1.4395871222255326E-002   1.0324923100286070E-003
 errorU,errorT:   1.4651601515878694E-002   6.9665588528410093E-004
 errorU,errorT:   1.4609222572544576E-002   6.8486179929101406E-004
 errorU,errorT:   1.4270701811749144E-002   9.9285599012885776E-004
 errorU,errorT:   1.3646689106232813E-002   1.4000267417319499E-003
 errorU,errorT:   1.2756743578760308E-002   1.8112433527944991E-003
 errorU,errorT:   1.1629770362748815E-002   2.1933696081061524E-003
 errorU,errorT:   1.0305138121570979E-002   2.5301799426762457E-003
 errorU,errorT:   8.8356445226232729E-003   2.8115624604132944E-003
 errorU,errorT:   7.2953598039205165E-003   3.0306216892139440E-003
 errorU,errorT:   5.8002687178898872E-003   3.1827511503638235E-003
 errorU,errorT:   4.5579123785000454E-003   3.2652928230676565E-003
 errorU,errorT:   3.9239910221966507E-003   3.2773874724420704E-003
 errorU,errorT:   4.1926568127949116E-003   3.2198930510597343E-003
 errorU,errorT:   5.1656514362438443E-003   3.0953187062778124E-003
 errorU,errorT:   6.4394264522530231E-003   2.9077661629130385E-003
 errorU,errorT:   7.7588905098055902E-003   2.6628851770830768E-003
 errorU,errorT:   8.9925345843338313E-003   2.3678767603314789E-003
 errorU,errorT:   1.0067177448689167E-002   2.0316479336101884E-003
 errorU,errorT:   1.0938198517152293E-002   1.6654005992060386E-003
 errorU,errorT:   1.1577797983472922E-002   1.2846252559033666E-003
 errorU,errorT:   1.1970110097881625E-002   9.1634707760746773E-004
t_ff=    90.00011 NuVolAvg=  1.60654E+01 ReVolRMS=  2.29560E+02
 errorU,errorT:   1.2108886604738916E-002   6.2762978012262415E-004
 errorU,errorT:   1.1996155816365728E-002   5.7579444380651077E-004
 errorU,errorT:   1.1641257601074956E-002   7.9822974860171427E-004
 errorU,errorT:   1.1060053671423146E-002   1.1242604467722205E-003
 errorU,errorT:   1.0274307849980893E-002   1.4624571919106889E-003
 errorU,errorT:   9.3113768506898620E-003   1.7803228119262729E-003
 errorU,errorT:   8.2045646179853670E-003   2.0625169073495418E-003
 errorU,errorT:   6.9949793790928371E-003   2.2997586742753871E-003
 errorU,errorT:   5.7370917381896853E-003   2.4858201359453888E-003
 errorU,errorT:   4.5141090913077032E-003   2.6165655627946971E-003
 errorU,errorT:   3.4781365350917120E-003   2.6895938018629668E-003
 errorU,errorT:   2.9123455594849018E-003   2.7040779840731000E-003
 errorU,errorT:   3.0905828721074281E-003   2.6606711057378910E-003
 errorU,errorT:   3.8675475707148359E-003   2.5614275738452988E-003
 errorU,errorT:   4.9009805168728580E-003   2.4097294576323385E-003
 errorU,errorT:   5.9821371215877696E-003   2.2102183460552057E-003
 errorU,errorT:   7.0082660951900919E-003   1.9687571462011022E-003
 errorU,errorT:   7.9227718876353700E-003   1.6924865603473956E-003
 errorU,errorT:   8.6898376662630176E-003   1.3901601442284090E-003
 errorU,errorT:   9.2850100865786694E-003   1.0733847128427728E-003
 errorU,errorT:   9.6916174398182509E-003   7.6133011977060094E-004
 errorU,errorT:   9.8993830546408989E-003   5.0122397657536861E-004
 errorU,errorT:   9.9039085122061589E-003   4.2528969092488108E-004
 errorU,errorT:   9.7065053146219247E-003   5.9981269159620524E-004
 errorU,errorT:   9.3141659623751458E-003   8.7068173861011046E-004
 errorU,errorT:   8.7396175932297846E-003   1.1525046533259870E-003
 errorU,errorT:   8.0015249721297928E-003   1.4176927192030956E-003
 errorU,errorT:   7.1250875552554124E-003   1.6538269249244805E-003
 errorU,errorT:   6.1436655420678459E-003   1.8534553553137020E-003
 errorU,errorT:   5.1030887692651867E-003   2.0115392707147693E-003
 errorU,errorT:   4.0730925035499183E-003   2.1246778969877082E-003
 errorU,errorT:   3.1763884625578684E-003   2.1908328491223625E-003
 errorU,errorT:   2.6358078113260142E-003   2.2092130784543904E-003
 errorU,errorT:   2.6930138573770203E-003   2.1802120160931506E-003
 errorU,errorT:   3.2825255829990567E-003   2.1053590488021448E-003
 errorU,errorT:   4.1233359776765340E-003   1.9872751104396845E-003
 errorU,errorT:   5.0193036460590926E-003   1.8296345714923592E-003
 errorU,errorT:   5.8703720825864043E-003   1.6371549850637732E-003
 errorU,errorT:   6.6224810656686419E-003   1.4156697490284916E-003
 errorU,errorT:   7.2431711902392910E-003   1.1724418919415768E-003
 errorU,errorT:   7.7120574488357303E-003   9.1722970575101837E-004
 errorU,errorT:   8.0169632078151993E-003   6.6605533624147675E-004
 errorU,errorT:   8.1521678959388753E-003   4.5588484089237015E-004
 errorU,errorT:   8.1174713948106193E-003   3.8099215620510286E-004
t_ff=   100.00022 NuVolAvg=  1.66044E+01 ReVolRMS=  2.31081E+02
 errorU,errorT:   7.9175858541377479E-003   5.0138080453189006E-004
 errorU,errorT:   7.5616779736319200E-003   7.1257139829278239E-004
 errorU,errorT:   7.0630276959490843E-003   9.3976228349483548E-004
 errorU,errorT:   6.4388676030017727E-003   1.1563915857368077E-003
 errorU,errorT:   5.7105970802140780E-003   1.3506894359589490E-003
 errorU,errorT:   4.9048505370767647E-003   1.5158195553310286E-003
 errorU,errorT:   4.0566651222178826E-003   1.6472603000729420E-003
 errorU,errorT:   3.2182013251703533E-003   1.7419890117271000E-003
 errorU,errorT:   2.4819117566149671E-003   1.7981858308086776E-003
 errorU,errorT:   2.0234912686721701E-003   1.8151067035227630E-003
 errorU,errorT:   2.0509124500369337E-003   1.7930126955542696E-003
 errorU,errorT:   2.5221390861398618E-003   1.7331163053554400E-003
 errorU,errorT:   3.2036499524164624E-003   1.6375316612600294E-003
 errorU,errorT:   3.9349440708437017E-003   1.5092285347801512E-003
 errorU,errorT:   4.6366811913745674E-003   1.3520036587428732E-003
 errorU,errorT:   5.2664240241204864E-003   1.1705058883775003E-003
 errorU,errorT:   5.7981264204436484E-003   9.7042098443984393E-004
 errorU,errorT:   6.2144439271921443E-003   7.5915805736243990E-004
 errorU,errorT:   6.5037803537631366E-003   5.4838524377326012E-004
 errorU,errorT:   6.6590973445051858E-003   3.6471917581257256E-004
 errorU,errorT:   6.6774180690970407E-003   2.8516103737914674E-004
 errorU,errorT:   6.5596146470970288E-003   3.7873335289734873E-004
 errorU,errorT:   6.3103171698675751E-003   5.5452288795649046E-004
 errorU,errorT:   5.9378958124416100E-003   7.4382545969047561E-004
 errorU,errorT:   5.4545478671826379E-003   9.2428736011768359E-004
 errorU,errorT:   4.8766286585438991E-003   1.0864477367044671E-003
 errorU,errorT:   4.2255920252339957E-003   1.2248436089266469E-003
 errorU,errorT:   3.5304871879968318E-003   1.3358287105573387E-003
 errorU,errorT:   2.8345588100071365E-003   1.4169271725197735E-003
 errorU,errorT:   2.2122539475645715E-003   1.4666088842715979E-003
 errorU,errorT:   1.8008726389906668E-003   1.4841982378631538E-003
 errorU,errorT:   1.7725716421022415E-003   1.4698265992450560E-003
 errorU,errorT:   2.1235216258204312E-003   1.4243979117396185E-003
 errorU,errorT:   2.6711228755985973E-003   1.3495572680767235E-003
 errorU,errorT:   3.2716199872601156E-003   1.2476632596252928E-003
 errorU,errorT:   3.8506961887335958E-003   1.1217755232541316E-003
 errorU,errorT:   4.3688416009724064E-003   9.7568936477837771E-004
 errorU,errorT:   4.8025821210054258E-003   8.1410706976386906E-004
 errorU,errorT:   5.1370806957532359E-003   6.4322735699764674E-004
 errorU,errorT:   5.3631732298504674E-003   4.7280416513975762E-004
 errorU,errorT:   5.4760649790096304E-003   3.2413202044654222E-004
 errorU,errorT:   5.4746727530942006E-003   2.5393094696444574E-004
 errorU,errorT:   5.3612294174269423E-003   3.1778430733403067E-004
 errorU,errorT:   5.1410062980806939E-003   4.5506495247981440E-004
t_ff=   110.00011 NuVolAvg=  1.68303E+01 ReVolRMS=  2.31671E+02
 errorU,errorT:   4.8221145192970070E-003   6.0785865243614978E-004
 errorU,errorT:   4.4154131281771078E-003   7.5532479312189827E-004
 errorU,errorT:   3.9346332313530252E-003   8.8868011718334634E-004
 errorU,errorT:   3.3969974299081322E-003   1.0029844425244112E-003
 errorU,errorT:   2.8250638822824095E-003   1.0950029549262530E-003
 errorU,errorT:   2.2518305511446449E-003   1.1625582448278652E-003
 errorU,errorT:   1.7346150879756588E-003   1.2043012154553431E-003
 errorU,errorT:   1.3843877222189632E-003   1.2196160845884775E-003
 errorU,errorT:   1.3524355092691999E-003   1.2085703065340401E-003
 errorU,errorT:   1.6421697543660436E-003   1.1718783382902189E-003
 errorU,errorT:   2.0956203291459257E-003   1.1108684388468203E-003
 errorU,errorT:   2.5925322107130284E-003   1.0274515718436059E-003
 errorU,errorT:   3.0734773392040596E-003   9.2409944288482544E-004
 errorU,errorT:   3.5074408830423950E-003   8.0385319016821515E-004
 errorU,errorT:   3.8757954799637524E-003   6.7042336667916312E-004
 errorU,errorT:   4.1663231371579486E-003   5.2857460018096382E-004
 errorU,errorT:   4.3709372929414715E-003   3.8554253774395684E-004
 errorU,errorT:   4.4847584542603448E-003   2.5698968475670642E-004
 errorU,errorT:   4.5057148458477097E-003   1.8952716484257136E-004
 errorU,errorT:   4.4343567029208218E-003   2.4062591616657417E-004
 errorU,errorT:   4.2737628718103457E-003   3.5653872428984516E-004
 errorU,errorT:   4.0295015920555812E-003   4.8457306341114816E-004
 errorU,errorT:   3.7096613824026338E-003   6.0762824034707669E-004
 errorU,errorT:   3.3250351998243373E-003   7.1881627025785803E-004
 errorU,errorT:   2.8896785652514378E-003   8.1426463708469423E-004
 errorU,errorT:   2.4224135714111424E-003   8.9140898181500137E-004
 errorU,errorT:   1.9508232351795453E-003   9.4850198145628227E-004
 errorU,errorT:   1.5216997286565922E-003   9.8444654513180703E-004
 errorU,errorT:   1.2222675580216139E-003   9.9872944619638871E-004
 errorU,errorT:   1.1722241369094013E-003   9.9138769450073409E-004
 errorU,errorT:   1.3876573435976519E-003   9.6298453141712434E-004
 errorU,errorT:   1.7490500921721092E-003   9.1458746905110884E-004
 errorU,errorT:   2.1534122764760894E-003   8.4774840015350251E-004
 errorU,errorT:   2.5471121423995520E-003   7.6449256510200759E-004
 errorU,errorT:   2.9020361026339189E-003   6.6733605859338463E-004
 errorU,errorT:   3.2016470950066906E-003   5.5938598806283069E-004
 errorU,errorT:   3.4354846278497981E-003   4.4469117624276999E-004
 errorU,errorT:   3.5969885826294640E-003   3.2945882695559854E-004
 errorU,errorT:   3.6825611582870046E-003   2.2673742261573876E-004
 errorU,errorT:   3.6911089695942259E-003   1.7161802894332455E-004
 errorU,errorT:   3.6237803938759944E-003   2.0638814602119191E-004
 errorU,errorT:   3.4837895901825215E-003   2.9615641083152532E-004
 errorU,errorT:   3.2762944403863597E-003   3.9873497351096003E-004
 errorU,errorT:   3.0083415410958646E-003   4.9857220062308864E-004
 errorU,errorT:   2.6889441657806244E-003   5.8932031394091271E-004
t_ff=   120.00022 NuVolAvg=  1.68750E+01 ReVolRMS=  2.31664E+02
 errorU,errorT:   2.3294656340486558E-003   6.6749429603375743E-004
 errorU,errorT:   1.9447587906223718E-003   7.3083508480029644E-004
 errorU,errorT:   1.5563160233459969E-003   7.7782138212964980E-004
 errorU,errorT:   1.2008776974263544E-003   8.0749939492631110E-004
 errorU,errorT:   9.4958415492932182E-004   8.1941338162926536E-004
 errorU,errorT:   9.0612726631319454E-004   8.1357008670317904E-004
 errorU,errorT:   1.0865688663987505E-003   7.9041377755457672E-004
 errorU,errorT:   1.3871929244554839E-003   7.5080381215919404E-004
 errorU,errorT:   1.7220519173161235E-003   6.9599354927545759E-004
 errorU,errorT:   2.0482503584895546E-003   6.2761481098193544E-004
 errorU,errorT:   2.3436949466244831E-003   5.4768124904135129E-004
 errorU,errorT:   2.5953098773653033E-003   4.5864792348738375E-004
 errorU,errorT:   2.7946163039216732E-003   3.6364473322609284E-004
 errorU,errorT:   2.9360503932944022E-003   2.6732967799903025E-004
 errorU,errorT:   3.0162770292628859E-003   1.7942351977098304E-004
 errorU,errorT:   3.0338869504857066E-003   1.2866994516070603E-004
 errorU,errorT:   2.9892495357630774E-003   1.5672846010917948E-004
 errorU,errorT:   2.8844331357451456E-003   2.3276200387131439E-004
 errorU,errorT:   2.7231644698504256E-003   3.1869602206571258E-004
 errorU,errorT:   2.5108353912651699E-003   4.0187733180745090E-004
 errorU,errorT:   2.2546085195067345E-003   4.7736757011280324E-004
 errorU,errorT:   1.9637592883985891E-003   5.4245169691658098E-004
 errorU,errorT:   1.6506097931403250E-003   5.9534762466530785E-004
 errorU,errorT:   1.3330124020995806E-003   6.3484040801162678E-004
 errorU,errorT:   1.0408787466397056E-003   6.6015934589289929E-004
 errorU,errorT:   8.3004722633931436E-004   6.7092966715908548E-004
 errorU,errorT:   7.8132285952413826E-004   6.6714855496957084E-004
 errorU,errorT:   9.1445153283796292E-004   6.4916844613661158E-004
 errorU,errorT:   1.1524339794194321E-003   6.1768195602610585E-004
 errorU,errorT:   1.4233392803932759E-003   5.7370804856597863E-004
 errorU,errorT:   1.6892375022074945E-003   5.1858361351387824E-004
 errorU,errorT:   1.9304077080482449E-003   4.5397265197289399E-004
 errorU,errorT:   2.1353335450157323E-003   3.8192644685093732E-004
 errorU,errorT:   2.2967280118910958E-003   3.0509707199073385E-004
 errorU,errorT:   2.4099703127545961E-003   2.2747399469083681E-004
 errorU,errorT:   2.4724407948648946E-003   1.5719772251105736E-004
 errorU,errorT:   2.4832038667736474E-003   1.1617723609980482E-004
 errorU,errorT:   2.4428325134709457E-003   1.3484198554576741E-004
 errorU,errorT:   2.3532951127328630E-003   1.9354334653572922E-004
 errorU,errorT:   2.2178789963492006E-003   2.6229173781819939E-004
 errorU,errorT:   2.0411565571400656E-003   3.2971139059009683E-004
 errorU,errorT:   1.8290340191851160E-003   3.9127247619723964E-004
 errorU,errorT:   1.5889902680032110E-003   4.4453692172783039E-004
 errorU,errorT:   1.3307867151789636E-003   4.8793663492120850E-004
t_ff=   130.00011 NuVolAvg=  1.68292E+01 ReVolRMS=  2.31365E+02
 errorU,errorT:   1.0684292355372820E-003   5.2041404236512429E-004
 errorU,errorT:   8.2555649677287736E-004   5.4129828297379918E-004
 errorU,errorT:   6.4793420324916616E-004   5.5025551462588448E-004
 errorU,errorT:   6.0593876091233063E-004   5.4726411912848431E-004
 errorU,errorT:   7.1840658265597489E-004   5.3259780909610185E-004
 errorU,errorT:   9.1773902339081250E-004   5.0681067933079236E-004
 errorU,errorT:   1.1431997539192195E-003   4.7072308035220458E-004
 errorU,errorT:   1.3641745115062370E-003   4.2541082761828877E-004
 errorU,errorT:   1.5650666643013973E-003   3.7220601720520865E-004
 errorU,errorT:   1.7367494801926919E-003   3.1273258204152958E-004
 errorU,errorT:   1.8733487164935946E-003   2.4904877245067919E-004
 errorU,errorT:   1.9710237823200162E-003   1.8416669565754208E-004
 errorU,errorT:   2.0274709852130686E-003   1.2418767587692769E-004
 errorU,errorT:   2.0417028316112623E-003   8.7063030575982965E-005
 errorU,errorT:   2.0139388009072527E-003   1.0230393017873566E-004
 errorU,errorT:   1.9455442870075187E-003   1.5239437016877964E-004
 errorU,errorT:   1.8389968133877205E-003   2.1017312529973884E-004
 errorU,errorT:   1.6978837473437943E-003   2.6642804882376483E-004
 errorU,errorT:   1.5269638158702066E-003   3.1766143631467466E-004
 errorU,errorT:   1.3323794034245696E-003   3.6198500331562962E-004
 errorU,errorT:   1.1222439878604176E-003   3.9816724651315987E-004
 errorU,errorT:   9.0820939215258730E-004   4.2536759205158615E-004
 errorU,errorT:   7.0960938740308697E-004   4.4304817755638559E-004
 errorU,errorT:   5.6257992243394781E-004   4.5093962125547488E-004
 errorU,errorT:   5.2161076715527685E-004   4.4902432652924577E-004
 errorU,errorT:   6.0481445705271844E-004   4.3752504702796726E-004
 errorU,errorT:   7.6234767311869199E-004   4.1689460370555664E-004
 errorU,errorT:   9.4425615101431995E-004   3.8780632068698720E-004
 errorU,errorT:   1.1239278110887908E-003   3.5114775915628114E-004
 errorU,errorT:   1.2876255802680870E-003   3.0802544637931710E-004
 errorU,errorT:   1.4273796338103932E-003   2.5980160451958976E-004
 errorU,errorT:   1.5381509907731066E-003   2.0822673545757981E-004
 errorU,errorT:   1.6167230420614503E-003   1.5589674439909587E-004
 errorU,errorT:   1.6612347990753605E-003   1.0799419320035205E-004
 errorU,errorT:   1.6709620158860271E-003   7.8468020656189766E-005
 errorU,errorT:   1.6461989411143468E-003   8.8661184086758854E-005
 errorU,errorT:   1.5881839591401219E-003   1.2734205144939611E-004
 errorU,errorT:   1.4990501668979393E-003   1.7351175660964147E-004
 errorU,errorT:   1.3818034048569876E-003   2.1903114425363026E-004
 errorU,errorT:   1.2403528794321078E-003   2.6072139819962139E-004
 errorU,errorT:   1.0796628548457388E-003   2.9689740744107221E-004
 errorU,errorT:   9.0620466750327994E-004   3.2648211195841667E-004
 errorU,errorT:   7.2920669402855125E-004   3.4874901229362996E-004
 errorU,errorT:   5.6409754890735767E-004   3.6323435171497549E-004
t_ff=   140.00022 NuVolAvg=  1.67525E+01 ReVolRMS=  2.30987E+02
 errorU,errorT:   4.4069318896388228E-004   3.6970223658288638E-004
 errorU,errorT:   4.0640097981646333E-004   3.6812749600901017E-004
 errorU,errorT:   4.7760205661532233E-004   3.5868420584629331E-004
 errorU,errorT:   6.1014980847231561E-004   3.4173562335404191E-004
 errorU,errorT:   7.6181215828094006E-004   3.1782465167370228E-004
 errorU,errorT:   9.1111429314105134E-004   2.8766638349284892E-004
 errorU,errorT:   1.0471981613933946E-003   2.5214799936216798E-004
 errorU,errorT:   1.1637634514226978E-003   2.1235076151874854E-004
 errorU,errorT:   1.2567789578069508E-003   1.6963973240401745E-004
 errorU,errorT:   1.3236181327988528E-003   1.2599025238478181E-004
 errorU,errorT:   1.3627071057753038E-003   8.5319600770489387E-005
 errorU,errorT:   1.3733676059452639E-003   5.9049193987194618E-005
 errorU,errorT:   1.3557382808677524E-003   6.7469107702743466E-005
 errorU,errorT:   1.3107297735318495E-003   1.0053789167043863E-004
 errorU,errorT:   1.2399986412743864E-003   1.3932257943956728E-004
 errorU,errorT:   1.1459423202469930E-003   1.7725750791556952E-004
 errorU,errorT:   1.0317357984276790E-003   2.1189655082617899E-004
 errorU,errorT:   9.0146592113077241E-004   2.4193812395369347E-004
 errorU,errorT:   7.6050725550065666E-004   2.6653843506789130E-004
 errorU,errorT:   6.1652678107735020E-004   2.8512170891041268E-004
 errorU,errorT:   4.8214650937681566E-004   2.9731767377117705E-004
 errorU,errorT:   3.8092799826400464E-004   3.0293747648086613E-004
 errorU,errorT:   3.4934449380498634E-004   3.0196206781771175E-004
 errorU,errorT:   4.0186474677241223E-004   2.9453436057787441E-004
 errorU,errorT:   5.0623309312364836E-004   2.8095222878521972E-004
 errorU,errorT:   6.2816854324924802E-004   2.6166196694661918E-004
 errorU,errorT:   7.4921532189121357E-004   2.3725383307500014E-004
 errorU,errorT:   8.5989014679708185E-004   2.0846461188810941E-004
 errorU,errorT:   9.5471939238861707E-004   1.7620062498386341E-004
 errorU,errorT:   1.0302464387353821E-003   1.4162171343257710E-004
 errorU,errorT:   1.0842553871980379E-003   1.0643005419466249E-004
 errorU,errorT:   1.1154463255824555E-003   7.3964118167893275E-005
 errorU,errorT:   1.1232847445881936E-003   5.3160679250256836E-005
 errorU,errorT:   1.1079215926548911E-003   5.8655324428031999E-005
 errorU,errorT:   1.0701439945964791E-003   8.4114058784977457E-005
 errorU,errorT:   1.0113429521950606E-003   1.1505350808246760E-004
 errorU,errorT:   9.3349898453954077E-004   1.4571266454930094E-004
 errorU,errorT:   8.3920161877845993E-004   1.7387235372010013E-004
 errorU,errorT:   7.3174670853990028E-004   1.9837141209215034E-004
 errorU,errorT:   6.1542664128076295E-004   2.1847193536156880E-004
 errorU,errorT:   4.9633199659045505E-004   2.3367619058717076E-004
 errorU,errorT:   3.8456039574891068E-004   2.4366462039638690E-004
 errorU,errorT:   2.9955586648595613E-004   2.4827142759597349E-004
 errorU,errorT:   2.7300833899594615E-004   2.4747274788877526E-004
 errorU,errorT:   3.1800968430569263E-004   2.4137887426287389E-004
t_ff=   150.00011 NuVolAvg=  1.66769E+01 ReVolRMS=  2.30639E+02
 errorU,errorT:   4.0596178153795169E-004   2.3022751295899508E-004
 errorU,errorT:   5.0775502657969562E-004   2.1437739370122188E-004
 errorU,errorT:   6.0841826717952688E-004   1.9430318886532992E-004
 errorU,errorT:   7.0042086208602008E-004   1.7059512056271433E-004
 errorU,errorT:   7.7942261816171831E-004   1.4397269042698731E-004
 errorU,errorT:   8.4265842490918361E-004   1.1534154783015469E-004
 errorU,errorT:   8.8832913900628108E-004   8.6000002666356600E-005
 errorU,errorT:   9.1535397081962319E-004   5.8475347667996326E-005
 errorU,errorT:   9.2325989576692174E-004   4.0063148605315898E-005
 errorU,errorT:   9.1212602389958769E-004   4.4586810964216525E-005
 errorU,errorT:   8.8255154645314529E-004   6.6414747440486665E-005
 errorU,errorT:   8.3563663244201093E-004   9.2440890151169628E-005
 errorU,errorT:   7.7297732228133790E-004   1.1800989229426518E-004
 errorU,errorT:   6.9668764355940583E-004   1.4141575143656153E-004
 errorU,errorT:   6.0948501133894118E-004   1.6176254382493810E-004
 errorU,errorT:   5.1493161874017926E-004   1.7847247513565575E-004
 errorU,errorT:   4.1808105104136037E-004   1.9115117934474519E-004
 errorU,errorT:   3.2719684406058155E-004   1.9954367470224383E-004
 errorU,errorT:   2.5769050457324796E-004   2.0351752941433657E-004
 errorU,errorT:   2.3398662762502166E-004   2.0305484399285947E-004
 errorU,errorT:   2.6721174244787737E-004   1.9824691419311602E-004
 errorU,errorT:   3.3647786906959587E-004   1.8928949484137381E-004
 errorU,errorT:   4.1829075077243433E-004   1.7647834623040184E-004
 errorU,errorT:   4.9987772850114745E-004   1.6020608288628435E-004
 errorU,errorT:   5.7470404772275510E-004   1.4096349266693519E-004
 errorU,errorT:   6.3901603817920270E-004   1.1935392823757405E-004
 errorU,errorT:   6.9044632784566776E-004   9.6146600563993851E-005
 errorU,errorT:   7.2747235623478370E-004   7.2459924216964047E-005
 errorU,errorT:   7.4919122698719582E-004   5.0454623432457299E-005
 errorU,errorT:   7.5521626471441398E-004   3.5898062802512554E-005
 errorU,errorT:   7.4562283142001436E-004   3.8810127114926708E-005
 errorU,errorT:   7.2091540836919277E-004   5.5638234556771614E-005
 errorU,errorT:   6.8200619674856295E-004   7.6409322062911191E-005
 errorU,errorT:   6.3020547209126853E-004   9.7076034940229966E-005
 errorU,errorT:   5.6723384495406992E-004   1.1610002875909659E-004
 errorU,errorT:   4.9528486355822072E-004   1.3268533530490963E-004
 errorU,errorT:   4.1721236041089387E-004   1.4632844325765447E-004
 errorU,errorT:   3.3704821547787285E-004   1.5668968857036870E-004
 errorU,errorT:   2.6143090372288455E-004   1.6355003139451054E-004
 errorU,errorT:   2.0310979902207088E-004   1.6679416575691007E-004
 errorU,errorT:   1.8329494243421771E-004   1.6640242689043274E-004
 errorU,errorT:   2.1194604195008646E-004   1.6244553641378532E-004
 errorU,errorT:   2.7045421955666760E-004   1.5508007454232301E-004
 errorU,errorT:   3.3882873388037645E-004   1.4454418168786522E-004
t_ff=   160.00022 NuVolAvg=  1.66165E+01 ReVolRMS=  2.30368E+02
 errorU,errorT:   4.0669478190202862E-004   1.3115408787745889E-004
 errorU,errorT:   4.6885864818261360E-004   1.1530365468340656E-004
 errorU,errorT:   5.2234439522454287E-004   9.7473025633224567E-005
 errorU,errorT:   5.6526292714454156E-004   7.8265030855340754E-005
 errorU,errorT:   5.9638653535945638E-004   5.8537281368353691E-005
 errorU,errorT:   6.1497633138103995E-004   3.9934146294621722E-005
 errorU,errorT:   6.2070520620691465E-004   2.7158736266028620E-005
 errorU,errorT:   6.1361898957506026E-004   2.9568714682807233E-005
 errorU,errorT:   5.9411393333959578E-004   4.4010258933059117E-005
 errorU,errorT:   5.6292304160873621E-004   6.1477565053331132E-005
 errorU,errorT:   5.2111172029074739E-004   7.8701279227379300E-005
 errorU,errorT:   4.7009129137384964E-004   9.4499263595124736E-005
 errorU,errorT:   4.1167381892151110E-004   1.0825764027205279E-004
 errorU,errorT:   3.4822844897260076E-004   1.1958239733979183E-004
 errorU,errorT:   2.8310090853506516E-004   1.2820470713343512E-004
 errorU,errorT:   2.2173033999489821E-004   1.3395014428564165E-004
 errorU,errorT:   1.7424353563667570E-004   1.3672698562168742E-004
 errorU,errorT:   1.5696814601089888E-004   1.3652068568719249E-004
 errorU,errorT:   1.7811632885768352E-004   1.3339023914304979E-004
 errorU,errorT:   2.2413692154018904E-004   1.2746497154462772E-004
 errorU,errorT:   2.7900846411766023E-004   1.1894151185869729E-004
 errorU,errorT:   3.3393899821349704E-004   1.0808159598563539E-004
 errorU,errorT:   3.8444475518018917E-004   9.5212754363226205E-005
 errorU,errorT:   4.2796099939208874E-004   8.0737450275819502E-005
 errorU,errorT:   4.6287282283159845E-004   6.5167302257618234E-005
 errorU,errorT:   4.8813967807452113E-004   4.9240736798726288E-005
 errorU,errorT:   5.0313991209383090E-004   3.4366203651571385E-005
 errorU,errorT:   5.0759979392918245E-004   2.4282873930885310E-005
 errorU,errorT:   5.0155669399345039E-004   2.5781343066707840E-005
 errorU,errorT:   4.8533695638732280E-004   3.6900721360460429E-005
 errorU,errorT:   4.5954160445928205E-004   5.0829591201860583E-005
 errorU,errorT:   4.2503981300515283E-004   6.4742221935288057E-005
 errorU,errorT:   3.8297667344564158E-004   7.7575318466632895E-005
 errorU,errorT:   3.3481373595886025E-004   8.8784179248570613E-005
 errorU,errorT:   2.8245065750678942E-004   9.8025797506385038E-005
 errorU,errorT:   2.2856122512435702E-004   1.0506885573630997E-004
 errorU,errorT:   1.7752013693032038E-004   1.0976364497580157E-004
 errorU,errorT:   1.3769827495814380E-004   1.1203038023702342E-004
 errorU,errorT:   1.2323538305035608E-004   1.1185365469917506E-004
 errorU,errorT:   1.4146873235833682E-004   1.0927888259048871E-004
 errorU,errorT:   1.8034200822871361E-004   1.0440925860288349E-004
 errorU,errorT:   2.2620343977775831E-004   9.7402872111294639E-005
 errorU,errorT:   2.7189229561269272E-004   8.8470352071108241E-005
 errorU,errorT:   3.1383541575982256E-004   7.7874459944905926E-005
t_ff=   170.00011 NuVolAvg=  1.65744E+01 ReVolRMS=  2.30180E+02
 errorU,errorT:   3.4999549648728295E-004   6.5935584883601618E-005
 errorU,errorT:   3.7908318000455879E-004   5.3055174216122112E-005
 errorU,errorT:   4.0026095333417158E-004   3.9800624627347890E-005
 errorU,errorT:   4.1302326434462919E-004   2.7245090394767031E-005
 errorU,errorT:   4.1714306411586125E-004   1.8426603605843679E-005
 errorU,errorT:   4.1264486268484000E-004   1.9643973498748564E-005
 errorU,errorT:   3.9978908123082892E-004   2.9188791707647624E-005
 errorU,errorT:   3.7906244765220220E-004   4.0903598787757480E-005
 errorU,errorT:   3.5117459403688082E-004   5.2498401468061741E-005
 errorU,errorT:   3.1706637206566698E-004   6.3154731267894815E-005
 errorU,errorT:   2.7794513938629497E-004   7.2452095923855492E-005
 errorU,errorT:   2.3538615096611930E-004   8.0121853002360519E-005
 errorU,errorT:   1.9160502224663942E-004   8.5980755355550596E-005
 errorU,errorT:   1.5018429822101967E-004   8.9909460221284905E-005
 errorU,errorT:   1.1778263424535428E-004   9.1844406543257999E-005
 errorU,errorT:   1.0530842617762276E-004   9.1774015592296842E-005
 errorU,errorT:   1.1874735830989516E-004   8.9736219455885670E-005
 errorU,errorT:   1.4932635079758128E-004   8.5816294695026350E-005
 errorU,errorT:   1.8613078478505604E-004   8.0144812238176427E-005
 errorU,errorT:   2.2311346199906741E-004   7.2896114752809714E-005
 errorU,errorT:   2.5719953244558713E-004   6.4288650306702048E-005
 errorU,errorT:   2.8663729113208400E-004   5.4590763012840502E-005
 errorU,errorT:   3.1032554824369211E-004   4.4142655219617886E-005
 errorU,errorT:   3.2755361082223986E-004   3.3431917601703190E-005
 errorU,errorT:   3.3789404880183398E-004   2.3377436563874183E-005
 errorU,errorT:   3.4115402362612518E-004   1.6407352958089379E-005
 errorU,errorT:   3.3735024589321100E-004   1.7120208820964215E-005
 errorU,errorT:   3.2669406195090246E-004   2.4474574756568202E-005
 errorU,errorT:   3.0958186089581234E-004   3.3820898470710101E-005
 errorU,errorT:   2.8659061614737057E-004   4.3190065307057462E-005
 errorU,errorT:   2.5848276205465406E-004   5.1848591246232395E-005
 errorU,errorT:   2.2623243682725407E-004   5.9424279315047917E-005
 errorU,errorT:   1.9110453747326153E-004   6.5683703425515740E-005
 errorU,errorT:   1.5487313563278339E-004   7.0469460349201486E-005
 errorU,errorT:   1.2042405109982265E-004   7.3679325455434464E-005
 errorU,errorT:   9.3261500461511385E-005   7.5258206188537357E-005
 errorU,errorT:   8.2816879952321432E-005   7.5194356867965407E-005
 errorU,errorT:   9.4424024838871156E-005   7.3516976547988394E-005
 errorU,errorT:   1.2027138356155860E-004   7.0294168272005218E-005
 errorU,errorT:   1.5104435408264428E-004   6.5631000310815713E-005
 errorU,errorT:   1.8180837399631397E-004   5.9667906061306545E-005
 errorU,errorT:   2.1010906326274285E-004   5.2580344179673424E-005
 errorU,errorT:   2.3455352338555495E-004   4.4582289666169768E-005
 errorU,errorT:   2.5426262017916616E-004   3.5941343124948349E-005
 errorU,errorT:   2.6866546690379890E-004   2.7033447329362134E-005
t_ff=   180.00022 NuVolAvg=  1.65485E+01 ReVolRMS=  2.30063E+02
 errorU,errorT:   2.7741640880138619E-004   1.8560832701160305E-005
 errorU,errorT:   2.8035807852783243E-004   1.2492596451650307E-005
 errorU,errorT:   2.7750280141840462E-004   1.3062220488057817E-005
 errorU,errorT:   2.6902179333087114E-004   1.9376971041617685E-005
 errorU,errorT:   2.5523847605989466E-004   2.7236441616340689E-005
 errorU,errorT:   2.3662591871260089E-004   3.5042161241748253E-005
 errorU,errorT:   2.1381197694440206E-004   4.2228904986824665E-005
 errorU,errorT:   1.8760208469544395E-004   4.8509173062956814E-005
 errorU,errorT:   1.5904522430716154E-004   5.3700090536090571E-005
 errorU,errorT:   1.2961147313129721E-004   5.7676965870823468E-005
 errorU,errorT:   1.0166614462882396E-004   6.0358347259424463E-005
 errorU,errorT:   7.9597210319704703E-005   6.1700402493233765E-005
 errorU,errorT:   7.0691244134047537E-005   6.1694310660052895E-005
 errorU,errorT:   7.9246321515822368E-005   6.0364582587915986E-005
 errorU,errorT:   9.9579686052517696E-005   5.7767596981188670E-005
 errorU,errorT:   1.2426848292337696E-004   5.3990211647164844E-005
 errorU,errorT:   1.4916186944338340E-004   4.9148711709858200E-005
 errorU,errorT:   1.7215474803797921E-004   4.3388958686037882E-005
 errorU,errorT:   1.9205249193159375E-004   3.6890079875269892E-005
 errorU,errorT:   2.0810546969991824E-004   2.9878632556399968E-005
 errorU,errorT:   2.1982942511790163E-004   2.2677330292280149E-005
 errorU,errorT:   2.2693164481505550E-004   1.5887751012283390E-005
 errorU,errorT:   2.2927759909548289E-004   1.1090998182181698E-005
 errorU,errorT:   2.2687388673699348E-004   1.1388798886755421E-005
 errorU,errorT:   2.1985814819123600E-004   1.6253684488870256E-005
 errorU,errorT:   2.0849259513178422E-004   2.2523263146628048E-005
 errorU,errorT:   1.9316094817804376E-004   2.8829796765910137E-005
 errorU,errorT:   1.7437149712403688E-004   3.4668216922982507E-005
 errorU,errorT:   1.5277413851391691E-004   3.9784501407881100E-005
 errorU,errorT:   1.2921190739093223E-004   4.4019979535180005E-005
 errorU,errorT:   1.0486334829214079E-004   4.7267696534713215E-005
 errorU,errorT:   8.1635155309977024E-005   4.9457993663336777E-005
 errorU,errorT:   6.3151006079872885E-005   5.0552970757224626E-005
 errorU,errorT:   5.5692360964450348E-005   5.0543901292036528E-005
 errorU,errorT:   6.3077772310548663E-005   4.9449607986955039E-005
 errorU,errorT:   8.0256885525777419E-005   4.7315091612620962E-005
 errorU,errorT:   1.0089294062493205E-004   4.4210228444842529E-005
 errorU,errorT:   1.2159337409342640E-004   4.0228685785003500E-005
 errorU,errorT:   1.4067494282806649E-004   3.5487656485172214E-005
 errorU,errorT:   1.5718643281965313E-004   3.0130088656183165E-005
 errorU,errorT:   1.7052899703034536E-004   2.4334465548916777E-005
 errorU,errorT:   1.8031382569490048E-004   1.8350189943333894E-005
 errorU,errorT:   1.8630476834683338E-004   1.2637777728505011E-005
 errorU,errorT:   1.8839285084420931E-004   8.4754249521880414E-006
t_ff=   190.00011 NuVolAvg=  1.65347E+01 ReVolRMS=  2.29998E+02
 errorU,errorT:   1.8658347644122532E-004   8.6980671827437605E-006
 errorU,errorT:   1.8098899941097307E-004   1.2871814321729203E-005
 errorU,errorT:   1.7182410547649015E-004   1.8141775736706080E-005
 errorU,errorT:   1.5940393952171682E-004   2.3394107337992478E-005
 errorU,errorT:   1.4414729313175144E-004   2.8238615896856884E-005
 errorU,errorT:   1.2659135231017730E-004   3.2478759719290078E-005
 errorU,errorT:   1.0743466623931380E-004   3.5990076042050782E-005
 errorU,errorT:   8.7652931473924543E-005   3.8687744031443468E-005
 errorU,errorT:   6.8808533889276615E-005   4.0516194541484630E-005
 errorU,errorT:   5.3793652484050349E-005   4.1445220609440513E-005
 errorU,errorT:   4.7470388814447271E-005   4.1468186504346685E-005
 errorU,errorT:   5.2900850946213943E-005   4.0600886947548221E-005
 errorU,errorT:   6.6415394864796520E-005   3.8880559368957533E-005
 errorU,errorT:   8.2972204448849226E-005   3.6364945258598465E-005
 errorU,errorT:   9.9723873834048083E-005   3.3131566887165971E-005
 errorU,errorT:   1.1522960049348038E-004   2.9277780837298436E-005
 errorU,errorT:   1.2867480309488642E-004   2.4923128596322740E-005
 errorU,errorT:   1.3954926727483726E-004   2.0218474017906244E-005
 errorU,errorT:   1.4752313143888060E-004   1.5377451237212159E-005
 errorU,errorT:   1.5239606670819909E-004   1.0794107855099836E-005
 errorU,errorT:   1.5407441093427215E-004   7.4981650853607402E-006
 errorU,errorT:   1.5255954584235016E-004   7.5777171372432197E-006
 errorU,errorT:   1.4794106641315019E-004   1.0794054442829263E-005
 errorU,errorT:   1.4039240924876487E-004   1.4999436200084106E-005
 errorU,errorT:   1.3016874524432876E-004   1.9244321476473657E-005
 errorU,errorT:   1.1760888978021070E-004   2.3180995656314606E-005
 errorU,errorT:   1.0314635933911646E-004   2.6636112288011358E-005
 errorU,errorT:   8.7342964477225534E-005   2.9501822073554857E-005
 errorU,errorT:   7.0981636961723035E-005   3.1705449744373012E-005
 errorU,errorT:   5.5322376799870856E-005   3.3199526758281225E-005
 errorU,errorT:   4.2751327618069620E-005   3.3957984191768631E-005
 errorU,errorT:   3.7450337164949479E-005   3.3974389261317797E-005
 errorU,errorT:   4.2136059395177156E-005   3.3260847866867457E-005
 errorU,errorT:   5.3551869138805071E-005   3.1847083869505621E-005
 errorU,errorT:   6.7389936460654804E-005   2.9779564230242261E-005
 errorU,errorT:   8.1318837759396627E-005   2.7120764048429418E-005
 errorU,errorT:   9.4184530682583887E-005   2.3948963274869760E-005
 errorU,errorT:   1.0533755980882409E-004   2.0359668128025517E-005
 errorU,errorT:   1.1437003483539670E-004   1.6471939870724080E-005
 errorU,errorT:   1.2101712945164559E-004   1.2451286091396955E-005
 errorU,errorT:   1.2511746054275031E-004   8.5999294718349732E-006
 errorU,errorT:   1.2659553519899329E-004   5.7483746747562642E-006
 errorU,errorT:   1.2545295935585075E-004   5.7931604985366381E-006
 errorU,errorT:   1.2176334748334741E-004   8.5516249272470963E-006
t_ff=   200.00022 NuVolAvg=  1.65288E+01 ReVolRMS=  2.29967E+02
 errorU,errorT:   1.1566914412664909E-004   1.2085775683467230E-005
 errorU,errorT:   1.0738027403076064E-004   1.5620275943375286E-005
 errorU,errorT:   9.7176118252605874E-005   1.8885965269241975E-005
 errorU,errorT:   8.5415064505320351E-005   2.1748558859972648E-005
 errorU,errorT:   7.2562518393390931E-005   2.4123388438907161E-005
 errorU,errorT:   5.9266486127977917E-005   2.5952783742412611E-005
 errorU,errorT:   4.6559877254353930E-005   2.7198860905146020E-005
 errorU,errorT:   3.6350557777901621E-005   2.7840835275826947E-005
 errorU,errorT:   3.1882673808004954E-005   2.7873793244455536E-005
 errorU,errorT:   3.5324130458341018E-005   2.7307917779232523E-005
 errorU,errorT:   4.4308592106266459E-005   2.6167821909862905E-005
 errorU,errorT:   5.5413475663725835E-005   2.4491914251314144E-005
 errorU,errorT:   6.6686632016316647E-005   2.2331902182362366E-005
 errorU,errorT:   7.7142407985157757E-005   1.9752798056060953E-005
 errorU,errorT:   8.6225624303680091E-005   1.6834417824733771E-005
 errorU,errorT:   9.3589218067949943E-005   1.3677283947610509E-005
 errorU,errorT:   9.9008693204090563E-005   1.0422956271329128E-005
 errorU,errorT:   1.0234716454136048E-004   7.3299217142078929E-006
 errorU,errorT:   1.0353968849919999E-004   5.0696138349071085E-006
 errorU,errorT:   1.0258533798672733E-004   5.0452265276301872E-006
 errorU,errorT:   9.9542569505379829E-005   7.1714991542048566E-006
 errorU,errorT:   9.4526262384103007E-005   9.9922603332083938E-006
 errorU,errorT:   8.7706264764710241E-005   1.2849195826703196E-005
 errorU,errorT:   7.9308580455985761E-005   1.5503119253709813E-005
 errorU,errorT:   6.9622550352024104E-005   1.7835810858455753E-005
 errorU,errorT:   5.9022779280965568E-005   1.9774009482228829E-005
 errorU,errorT:   4.8029741969934315E-005   2.1268369565908201E-005
 errorU,errorT:   3.7476828306066767E-005   2.2286579494251504E-005
 errorU,errorT:   2.8936503919352567E-005   2.2810746128789863E-005
 errorU,errorT:   2.5191230699738755E-005   2.2836191835588897E-005
 errorU,errorT:   2.8158642254174191E-005   2.2370712579079904E-005
 errorU,errorT:   3.5743221584177798E-005   2.1433959203731112E-005
 errorU,errorT:   4.5020715396426979E-005   2.0056849593899877E-005
 errorU,errorT:   5.4390755754168027E-005   1.8281070947301165E-005
 errorU,errorT:   6.3062751268173228E-005   1.6158928028761534E-005
 errorU,errorT:   7.0593556544888849E-005   1.3754251439802102E-005
 errorU,errorT:   7.6705512110354358E-005   1.1146501602577050E-005
 errorU,errorT:   8.1218354477054976E-005   8.4456070366158554E-006
 errorU,errorT:   8.4021884795931875E-005   5.8501943637364760E-006
 errorU,errorT:   8.5063889878448702E-005   3.9004652719977913E-006
 errorU,errorT:   8.4344110324845983E-005   3.8622379425233349E-006
 errorU,errorT:   8.1910756993262420E-005   5.6838285399496095E-006
 errorU,errorT:   7.7858330198641852E-005   8.0530966525237520E-006
 errorU,errorT:   7.2326657224015077E-005   1.0430945373661992E-005
 errorU,errorT:   6.5502117792807989E-005   1.2631737863421606E-005
t_ff=   210.00011 NuVolAvg=  1.65275E+01 ReVolRMS=  2.29957E+02
 errorU,errorT:   5.7623835567319640E-005   1.4563732883197195E-005
 errorU,errorT:   4.9001953691510238E-005   1.6169344293841772E-005
 errorU,errorT:   4.0067006545270146E-005   1.7409374947572772E-005
 errorU,errorT:   3.1502182159465223E-005   1.8258011554884471E-005
 errorU,errorT:   2.4566280613903572E-005   1.8700967662843026E-005
 errorU,errorT:   2.1421943010382022E-005   1.8734640957357980E-005
 errorU,errorT:   2.3595211726545594E-005   1.8365587276461861E-005
 errorU,errorT:   2.9565251497476320E-005   1.7610070942373225E-005
 errorU,errorT:   3.7011368410702412E-005   1.6493636299480356E-005
 errorU,errorT:   4.4595887359182690E-005   1.5050767398957343E-005
 errorU,errorT:   5.1644651199130991E-005   1.3324873694802905E-005
 errorU,errorT:   5.7779320136854428E-005   1.1369246022549164E-005
 errorU,errorT:   6.2763850874631300E-005   9.2508726159891423E-006
 errorU,errorT:   6.6445501416145968E-005   7.0635916287686012E-006
 errorU,errorT:   6.8730789704387943E-005   4.9770700407921468E-006
 errorU,errorT:   6.9574754196217274E-005   3.4291402759393515E-006
 errorU,errorT:   6.8975547349817417E-005   3.3607591561582644E-006
 errorU,errorT:   6.6971290875710528E-005   4.7650633070666525E-006
 errorU,errorT:   6.3638068859135817E-005   6.6566008165163228E-006
 errorU,errorT:   5.9088924589411910E-005   8.5791130290675478E-006
 errorU,errorT:   5.3474594298105726E-005   1.0368036747526115E-005
 errorU,errorT:   4.6988170741964659E-005   1.1942734411919849E-005
 errorU,errorT:   3.9879416328120452E-005   1.3253435894623995E-005
 errorU,errorT:   3.2494336776464373E-005   1.4266634776649012E-005
 errorU,errorT:   2.5384211691024925E-005   1.4960336544830401E-005
 errorU,errorT:   1.9585296996490284E-005   1.5322261499876149E-005
 errorU,errorT:   1.6947729892861539E-005   1.5349024020409310E-005
 errorU,errorT:   1.8819042119294940E-005   1.5045631027662751E-005
 errorU,errorT:   2.3855809698106402E-005   1.4425066311373110E-005
 errorU,errorT:   3.0074657627172140E-005   1.3507895685598205E-005
 errorU,errorT:   3.6377313481280987E-005   1.2321930106526755E-005
 errorU,errorT:   4.2222192125057308E-005   1.0902113779407447E-005
 errorU,errorT:   4.7306915963580954E-005   9.2911036365315970E-006
 errorU,errorT:   5.1442467170609367E-005   7.5419296832747088E-006
 errorU,errorT:   5.4506129347060558E-005   5.7276130016141828E-006
 errorU,errorT:   5.6422638715377357E-005   3.9787368575585698E-006
 errorU,errorT:   5.7155875846808644E-005   2.6467538960786985E-006
 errorU,errorT:   5.6704730495252617E-005   2.5754679621865719E-006
 errorU,errorT:   5.5100720861547325E-005   3.7775293679467225E-006
 errorU,errorT:   5.2406500660363630E-005   5.3657763295893625E-006
 errorU,errorT:   4.8715177891234556E-005   6.9654882897934808E-006
 errorU,errorT:   4.4151072699445921E-005   8.4486346612933590E-006
 errorU,errorT:   3.8873731054007707E-005   9.7525411390297796E-006
 errorU,errorT:   3.3089849210770329E-005   1.0838043442371211E-005
t_ff=   220.00022 NuVolAvg=  1.65285E+01 ReVolRMS=  2.29957E+02
 errorU,errorT:   2.7085529688351302E-005   1.1678502406860945E-005
 errorU,errorT:   2.1312771001050762E-005   1.2256332156111231E-005
 errorU,errorT:   1.6602286206826181E-005   1.2561717574440554E-005
 errorU,errorT:   1.4395285533120758E-005   1.2592036415286616E-005
 errorU,errorT:   1.5762091589221073E-005   1.2351502206573396E-005
 errorU,errorT:   1.9728352684817808E-005   1.1850860965215349E-005
 errorU,errorT:   2.4721213931729881E-005   1.1107101940785146E-005
 errorU,errorT:   2.9824148745838035E-005   1.0143224726085953E-005
 errorU,errorT:   3.4576061228218549E-005   8.9882176076382696E-006
 errorU,errorT:   3.8719133162480283E-005   7.6776668456595847E-006
 errorU,errorT:   4.2092845344617937E-005   6.2562238938721742E-006
 errorU,errorT:   4.4593300990498399E-005   4.7861176470700250E-006
 errorU,errorT:   4.6156693525954909E-005   3.3787831173540863E-006
 errorU,errorT:   4.6751946194336214E-005   2.3198251057883748E-006
 errorU,errorT:   4.6377022748160987E-005   2.2393830607742547E-006
 errorU,errorT:   4.5056791436395712E-005   3.1663691409438007E-006
 errorU,errorT:   4.2841663378589743E-005   4.4347511673789370E-006
 errorU,errorT:   3.9806900042033624E-005   5.7284491735836273E-006
 errorU,errorT:   3.6053063816043306E-005   6.9342594658116571E-006
 errorU,errorT:   3.1709046334274244E-005   7.9971879865263951E-006
 errorU,errorT:   2.6941415162365157E-005   8.8834301790836401E-006
 errorU,errorT:   2.1980267568965627E-005   9.5702411472645374E-006
 errorU,errorT:   1.7190432754133455E-005   1.0042656155103216E-005
 errorU,errorT:   1.3255066387502159E-005   1.0292256321829448E-005
 errorU,errorT:   1.1403924278282212E-005   1.0316608718280531E-005
 errorU,errorT:   1.2579637876930439E-005   1.0118927235110525E-005
 errorU,errorT:   1.5923605434196913E-005   9.7077932097865792E-006
 errorU,errorT:   2.0091769711572374E-005   9.0968901406264667E-006
 errorU,errorT:   2.4330793271042756E-005   8.3047757138100320E-006
 errorU,errorT:   2.8269775872717791E-005   7.3548002561823835E-006
 errorU,errorT:   3.1702440734754406E-005   6.2754764900167996E-006
 errorU,errorT:   3.4500146051931852E-005   5.1022054154281801E-006
 errorU,errorT:   3.6579378066214067E-005   3.8835162961955782E-006
 errorU,errorT:   3.7888758108235531E-005   2.7053317766098890E-006
 errorU,errorT:   3.8403330449595298E-005   1.7964553540830979E-006
 errorU,errorT:   3.8121728729170882E-005   1.7184937785694895E-006
 errorU,errorT:   3.7064549932790972E-005   2.5110714354928595E-006
 errorU,errorT:   3.5273333548694401E-005   3.5755424907507262E-006
 errorU,errorT:   3.2810081948341395E-005   4.6516181050469430E-006
 errorU,errorT:   2.9757727814134217E-005   5.6510004715926608E-006
 errorU,errorT:   2.6222737104336485E-005   6.5308733400269567E-006
 errorU,errorT:   2.2342893150194869E-005   7.2646042930878416E-006
 errorU,errorT:   1.8308379240131769E-005   7.8340931928084353E-006
 errorU,errorT:   1.4418350769272464E-005   8.2273642827974892E-006
t_ff=   230.00011 NuVolAvg=  1.65302E+01 ReVolRMS=  2.29962E+02
 errorU,errorT:   1.1221113179304172E-005   8.4376803865659327E-006
 errorU,errorT:   9.6764803319958663E-006   8.4631464795095217E-006
 errorU,errorT:   1.0532052753964268E-005   8.3064671486209572E-006
 errorU,errorT:   1.3165962936768448E-005   7.9747420067030257E-006
 errorU,errorT:   1.6513180697211964E-005   7.4792704782546295E-006
 errorU,errorT:   1.9945953623616267E-005   6.8353926794896096E-006
 errorU,errorT:   2.3148941569031005E-005   6.0624672612742207E-006
 errorU,errorT:   2.5946466142557187E-005   5.1842597674769820E-006
 errorU,errorT:   2.8229380866475548E-005   4.2305386823755396E-006
 errorU,errorT:   2.9927030737189693E-005   3.2425876957543511E-006
 errorU,errorT:   3.0995884364136396E-005   2.2936392008246847E-006
 errorU,errorT:   3.1414488843230978E-005   1.5700167833500806E-006
 errorU,errorT:   3.1180951399813542E-005   1.4929424574231316E-006
 errorU,errorT:   3.0311487756594556E-005   2.1042174515572439E-006
 errorU,errorT:   2.8839497891424334E-005   2.9545246510914063E-006
 errorU,errorT:   2.6815088195774326E-005   3.8249597210402668E-006
 errorU,errorT:   2.4305346341198930E-005   4.6376314380048562E-006
 errorU,errorT:   2.1396307468435549E-005   5.3550276515739072E-006
 errorU,errorT:   1.8199058330547227E-005   5.9541863590800377E-006
 errorU,errorT:   1.4866630123927657E-005   6.4196681725244928E-006
 errorU,errorT:   1.1640500465319643E-005   6.7412924364841084E-006
 errorU,errorT:   8.9710610380655755E-006   6.9132891951061784E-006
 errorU,errorT:   7.6752131445731601E-006   6.9339170754580246E-006
 errorU,errorT:   8.4099460737300453E-006   6.8052338974700941E-006
 errorU,errorT:   1.0628893918889517E-005   6.5329089003514952E-006
 errorU,errorT:   1.3422043564499162E-005   6.1260445362499400E-006
 errorU,errorT:   1.6272782112434505E-005   5.5970222840242818E-006
 errorU,errorT:   1.8927102319671961E-005   4.9614437414886294E-006
 errorU,errorT:   2.1244281643578209E-005   4.2383662992723827E-006
 errorU,errorT:   2.3136767763194180E-005   3.4514226807717040E-006
 errorU,errorT:   2.4547725792766366E-005   2.6328696690152841E-006
 errorU,errorT:   2.5442082735956684E-005   1.8392624179080776E-006
 errorU,errorT:   2.5802600795555563E-005   1.2195765376578249E-006
 errorU,errorT:   2.5627936260503601E-005   1.1470855790645389E-006
 errorU,errorT:   2.4931529585417053E-005   1.6691305219013882E-006
 errorU,errorT:   2.3740908144302342E-005   2.3824353476949777E-006
 errorU,errorT:   2.2097350007967354E-005   3.1062347317595500E-006
 errorU,errorT:   2.0056170980249699E-005   3.7796186535717006E-006
 errorU,errorT:   1.7688412260688194E-005   4.3733323585892715E-006
 errorU,errorT:   1.5085921448533556E-005   4.8692641922075068E-006
 errorU,errorT:   1.2375131937328065E-005   5.2551158666247940E-006
 errorU,errorT:   9.7540646057243739E-006   5.5227325371223449E-006
 errorU,errorT:   7.5846234223922608E-006   5.6674910497455563E-006
 errorU,errorT:   6.5057002464484917E-006   5.6880280047941458E-006
 errorU,errorT:   7.0379812279437158E-006   5.5860750343958367E-006
t_ff=   240.00022 NuVolAvg=  1.65320E+01 ReVolRMS=  2.29967E+02
 errorU,errorT:   8.7863663402747374E-006   5.3663208221563802E-006
 errorU,errorT:   1.1030114328639020E-005   5.0362794078605024E-006
 errorU,errorT:   1.3339275609230073E-005   4.6061815773591331E-006
 errorU,errorT:   1.5498166666009328E-005   4.0889550265925583E-006
 errorU,errorT:   1.7387068147017456E-005   3.5004716108720572E-006
 errorU,errorT:   1.8931762275856764E-005   2.8605796723883461E-006
 errorU,errorT:   2.0084202175201944E-005   2.1966738764351667E-006
 errorU,errorT:   2.0814694669069502E-005   1.5568978803412615E-006
 errorU,errorT:   2.1108441792807634E-005   1.0628099624202547E-006
 errorU,errorT:   2.0963821345919543E-005   9.9559977318235705E-007
 errorU,errorT:   2.0391400096962947E-005   1.3983196739847780E-006
 errorU,errorT:   1.9413306168270172E-005   1.9682896611307721E-006
 errorU,errorT:   1.8062899491003163E-005   2.5539259196273608E-006
 errorU,errorT:   1.6384937977740320E-005   3.1016248875225650E-006
 errorU,errorT:   1.4436853603908764E-005   3.5857966582267363E-006
 errorU,errorT:   1.2292739001603970E-005   3.9908440569176303E-006
 errorU,errorT:   1.0054386861241261E-005   4.3062874228486085E-006
 errorU,errorT:   7.8816657060483946E-006   4.5252019196625282E-006
 errorU,errorT:   6.0715587565522175E-006   4.6436349156426325E-006
 errorU,errorT:   5.1665126495156381E-006   4.6603451802884385E-006
 errorU,errorT:   5.6229977708088321E-006   4.5766476929365636E-006
 errorU,errorT:   7.0948579378060211E-006   4.3962874108239035E-006
 errorU,errorT:   8.9663990807920083E-006   4.1253195463558077E-006
 errorU,errorT:   1.0883421739650724E-005   3.7720052992378298E-006
 errorU,errorT:   1.2671978628036090E-005   3.3467695855709713E-006
 errorU,errorT:   1.4236071421591559E-005   2.8623510880694172E-006
 errorU,errorT:   1.5516116991573356E-005   2.3345285457572703E-006
 errorU,errorT:   1.6473441625629349E-005   1.7847485685168032E-006
 errorU,errorT:   1.7084109317124625E-005   1.2502551346022868E-006
 errorU,errorT:   1.7336222899604479E-005   8.2808288687506564E-007
 errorU,errorT:   1.7228594551283720E-005   7.6602035610912314E-007
 errorU,errorT:   1.6769988348440285E-005   1.1095392177594377E-006
 errorU,errorT:   1.5978644332259983E-005   1.5874500784086640E-006
 errorU,errorT:   1.4882043524076532E-005   2.0742659429883135E-006
 errorU,errorT:   1.3517083237446813E-005   2.5279651351917463E-006
 errorU,errorT:   1.1931171255788418E-005   2.9285576471680895E-006
 errorU,errorT:   1.0185542940068733E-005   3.2637269141594402E-006
 errorU,errorT:   8.3642691257017806E-006   3.5251178785035071E-006
 errorU,errorT:   6.5984604007291682E-006   3.7071790094817189E-006
 errorU,errorT:   5.1270148260131599E-006   3.8067398347192561E-006
 errorU,errorT:   4.3749853493924995E-006   3.8228243727542108E-006
 errorU,errorT:   4.7039104879335536E-006   3.7565392263285414E-006
 errorU,errorT:   5.8639767556716554E-006   3.6109805117740513E-006
 errorU,errorT:   7.3678085305481906E-006   3.3911450270488162E-006
t_ff=   250.00011 NuVolAvg=  1.65334E+01 ReVolRMS=  2.29972E+02
 errorU,errorT:   8.9209916682477381E-006   3.1038561927161773E-006
 errorU,errorT:   1.0376004876793749E-005   2.7577475495586406E-006
 errorU,errorT:   1.1651262458443866E-005   2.3634200873434619E-006
 errorU,errorT:   1.2696300194168070E-005   1.9341101357901410E-006
 errorU,errorT:   1.3478450037668282E-005   1.4880021159305980E-006
 errorU,errorT:   1.3977464552713043E-005   1.0567618236527766E-006
 errorU,errorT:   1.4183145837853359E-005   7.1970306007326089E-007
 errorU,errorT:   1.4094171318020301E-005   6.6424764109296647E-007
 errorU,errorT:   1.3717422681844848E-005   9.2927281134394979E-007
 errorU,errorT:   1.3067559588415917E-005   1.3112458353396242E-006
 errorU,errorT:   1.2166792546248400E-005   1.7052264209655656E-006
 errorU,errorT:   1.1044982383488278E-005   2.0743163772874091E-006
 errorU,errorT:   9.7404682627008906E-006   2.4010558053103201E-006
 errorU,errorT:   8.3026714687661747E-006   2.6748495936015531E-006
 errorU,errorT:   6.7993105622006149E-006   2.8885848427138934E-006
 errorU,errorT:   5.3362450852005518E-006   3.0375519846049474E-006
 errorU,errorT:   4.1093190515096669E-006   3.1190443985297332E-006
 errorU,errorT:   3.4785521692066583E-006   3.1321803384375144E-006
 errorU,errorT:   3.7601473770209594E-006   3.0777979001743181E-006
 errorU,errorT:   4.7359446999009791E-006   2.9583701459918459E-006
 errorU,errorT:   5.9897392482195599E-006   2.7779246764142032E-006
 errorU,errorT:   7.2787393759315385E-006   2.5419731488287213E-006
 errorU,errorT:   8.4838225853654135E-006   2.2574811368421423E-006
 errorU,errorT:   9.5394985068028519E-006   1.9329635592879074E-006
 errorU,errorT:   1.0405218489594330E-005   1.5789558529436271E-006
 errorU,errorT:   1.1054668146225453E-005   1.2097198243676061E-006
 errorU,errorT:   1.1471514290046104E-005   8.4979128631644520E-007
 errorU,errorT:   1.1647550035122128E-005   5.6238488692964653E-007
 errorU,errorT:   1.1581784268337936E-005   5.1177355539385689E-007
 errorU,errorT:   1.1279924848661686E-005   7.3754528362356858E-007
 errorU,errorT:   1.0754053922342712E-005   1.0576757420238460E-006
 errorU,errorT:   1.0022464153470958E-005   1.3850742952567898E-006
 errorU,errorT:   9.1097650957873405E-006   1.6907421727441456E-006
 errorU,errorT:   8.0475923882500676E-006   1.9610173128313362E-006
 errorU,errorT:   6.8767731865166502E-006   2.1875233554307166E-006
 errorU,errorT:   5.6532147366582806E-006   2.3645841582533129E-006
 errorU,errorT:   4.4637361979233278E-006   2.4884207462211576E-006
 errorU,errorT:   3.4660343357146130E-006   2.5568595282957049E-006
 errorU,errorT:   2.9427431791303574E-006   2.5692042778201706E-006
 errorU,errorT:   3.1442618497999016E-006   2.5261600952124213E-006
 errorU,errorT:   3.9135686043934351E-006   2.4297706322957820E-006
 errorU,errorT:   4.9213291914901825E-006   2.2833581918506346E-006
 errorU,errorT:   5.9659536162678890E-006   2.0914732746962704E-006
 errorU,errorT:   6.9465292682580640E-006   1.8598814352602552E-006
t_ff=   260.00022 NuVolAvg=  1.65344E+01 ReVolRMS=  2.29975E+02
 errorU,errorT:   7.8074512098288808E-006   1.5956632722423753E-006
 errorU,errorT:   8.5144043946315865E-006   1.3076464789448536E-006
 errorU,errorT:   9.0451773356470593E-006   1.0079042490981446E-006
 errorU,errorT:   9.3859651404549361E-006   7.1727089543960203E-007
 errorU,errorT:   9.5297437503685094E-006   4.8749601466507241E-007
 errorU,errorT:   9.4754679066920162E-006   4.4333295226936887E-007
 errorU,errorT:   9.2276146933704840E-006   6.1753685949247851E-007
 errorU,errorT:   8.7958939857004171E-006   8.7347542456396839E-007
 errorU,errorT:   8.1950920036099683E-006   1.1385071338202607E-006
 errorU,errorT:   7.4451301114511210E-006   1.3872253630718278E-006
 errorU,errorT:   6.5716018251234238E-006   1.6077149335497025E-006
 errorU,errorT:   5.6074733387967765E-006   1.7927780271636917E-006
 errorU,errorT:   4.5977992883062772E-006   1.9375868516406565E-006
 errorU,errorT:   3.6126867468279850E-006   2.0389386749487362E-006
 errorU,errorT:   2.7812941586216321E-006   2.0949806363250734E-006
 errorU,errorT:   2.3424701197575339E-006   2.1050881329975919E-006
 errorU,errorT:   2.5147019141106892E-006   2.0697937182128009E-006
 errorU,errorT:   3.1613097354933975E-006   1.9907300249891142E-006
 errorU,errorT:   4.0011515039377001E-006   1.8705757353170166E-006
 errorU,errorT:   4.8678253910397958E-006   1.7130079459440149E-006
 errorU,errorT:   5.6797498223923496E-006   1.5226807778636184E-006
 errorU,errorT:   6.3922447128465018E-006   1.3052859680926073E-006
 errorU,errorT:   6.9777149329718133E-006   1.0678584911205824E-006
 errorU,errorT:   7.4182565417369589E-006   8.1988401735990231E-007
 errorU,errorT:   7.7027260034423023E-006   5.7753216641171453E-007
 errorU,errorT:   7.8254653909238088E-006   3.8199471774089946E-007
 errorU,errorT:   7.7856788093659872E-006   3.4205419504587149E-007
 errorU,errorT:   7.5870798234597432E-006   4.9026336970700791E-007
 errorU,errorT:   7.2376700536358412E-006   7.0466704231289660E-007
 errorU,errorT:   6.7496252639615988E-006   9.2484088526040492E-007
 errorU,errorT:   6.1393593676507556E-006   1.1307690423671331E-006
 errorU,errorT:   5.4279839691518486E-006   1.3131129800028520E-006
 errorU,errorT:   4.6427219682946231E-006   1.4661758806218033E-006
 errorU,errorT:   3.8207572363667104E-006   1.5861017961922226E-006
 errorU,errorT:   3.0195902797067442E-006   1.6703187633890394E-006
 errorU,errorT:   2.3433226171880221E-006   1.7173372851399551E-006
 errorU,errorT:   1.9798003545116408E-006   1.7266624742575274E-006
 errorU,errorT:   2.1020262044320801E-006   1.6987423778150325E-006
 errorU,errorT:   2.6119430720668291E-006   1.6349256313218881E-006
 errorU,errorT:   3.2871748506928612E-006   1.5374210726680683E-006
 errorU,errorT:   3.9897076020882205E-006   1.4092633966034360E-006
 errorU,errorT:   4.6505069773172503E-006   1.2543029944594119E-006
 errorU,errorT:   5.2316728501753424E-006   1.0772694366520186E-006
 errorU,errorT:   5.7098712783842831E-006   8.8405097464544362E-007
 errorU,errorT:   6.0700014504741668E-006   6.8266554198940816E-007
t_ff=   270.00011 NuVolAvg=  1.65350E+01 ReVolRMS=  2.29978E+02
 errorU,errorT:   6.3026530358487082E-006   4.8682655505594327E-007
 errorU,errorT:   6.4029913266346458E-006   3.3030209784884043E-007
 errorU,errorT:   6.3702093286183361E-006   2.9601981480144604E-007
 errorU,errorT:   6.2072172135502658E-006   4.1038233126348827E-007
 errorU,errorT:   5.9204456060824143E-006   5.8183646698189522E-007
 errorU,errorT:   5.5197379029054472E-006   7.6010967244480397E-007
 errorU,errorT:   5.0183844849419236E-006   9.2770319078336143E-007
 errorU,errorT:   4.4334708837368216E-006   1.0764841772192003E-006
 errorU,errorT:   3.7869883664822775E-006   1.2015624476560583E-006
 errorU,errorT:   3.1089164189196102E-006   1.2996612812501446E-006
 errorU,errorT:   2.4456927945275508E-006   1.3686029344730507E-006
 errorU,errorT:   1.8825052749174733E-006   1.4071194569118163E-006
 errorU,errorT:   1.5777471399638322E-006   1.4147696089069869E-006
 errorU,errorT:   1.6820134007072084E-006   1.3918907108379347E-006
 errorU,errorT:   2.1102535803418046E-006   1.3395602542562843E-006
 errorU,errorT:   2.6727203252126381E-006   1.2595596030312893E-006
 errorU,errorT:   3.2553896973969035E-006   1.1543418113310023E-006
 errorU,errorT:   3.8023884325954317E-006   1.0270165103275733E-006
 errorU,errorT:   4.2832326302831164E-006   8.8138832657275208E-007
 errorU,errorT:   4.6791425970066544E-006   7.2215511134668122E-007
 errorU,errorT:   4.9779375077685655E-006   5.5562702165260035E-007
 errorU,errorT:   5.1720158100979587E-006   3.9246405924485273E-007
 errorU,errorT:   5.2574791022158272E-006   2.5951354271115876E-007
 errorU,errorT:   5.2337050752057632E-006   2.2872702403308488E-007
 errorU,errorT:   5.1031070049969619E-006   3.2588856101170444E-007
 errorU,errorT:   4.8709827812247040E-006   4.6945128328239698E-007
 errorU,errorT:   4.5454358654560702E-006   6.1750546963204450E-007
 errorU,errorT:   4.1374134117806019E-006   7.5623179619023893E-007
 errorU,errorT:   3.6610039283165722E-006   8.7924574529722483E-007
 errorU,errorT:   3.1343600369767318E-006   9.8267258678296508E-007
 errorU,errorT:   2.5822152321384516E-006   1.0638929167917812E-006
 errorU,errorT:   2.0426572076383408E-006   1.1211564450263688E-006
 errorU,errorT:   1.5844074265474212E-006   1.1534428006581218E-006
 errorU,errorT:   1.3322506625532725E-006   1.1604012262631087E-006
 errorU,errorT:   1.4054472413760880E-006   1.1423154496001879E-006
 errorU,errorT:   1.7432381310931527E-006   1.1000751184039718E-006
 errorU,errorT:   2.1955874503999315E-006   1.0351485762671591E-006
 errorU,errorT:   2.6680174701743263E-006   9.4955950190429960E-007
 errorU,errorT:   3.1132967229705605E-006   8.4587922156887117E-007
 errorU,errorT:   3.5055898122033326E-006   7.2726696210656386E-007
 errorU,errorT:   3.8290290164387947E-006   5.9765064696339751E-007
 errorU,errorT:   4.0733479418153088E-006   4.6235617535605317E-007
 errorU,errorT:   4.2321326207007951E-006   3.3041284933154756E-007
 errorU,errorT:   4.3020568696208887E-006   2.2385597016151151E-007
t_ff=   280.00022 NuVolAvg=  1.65354E+01 ReVolRMS=  2.29979E+02
 errorU,errorT:   4.2825079336700140E-006   1.9773882755204541E-007
 errorU,errorT:   4.1753751723568381E-006   2.7271196893634892E-007
 errorU,errorT:   3.9849164091345413E-006   3.8754485495973922E-007
 errorU,errorT:   3.7176838731095403E-006   5.0745154255802180E-007
 errorU,errorT:   3.3825436957823154E-006   6.2037584312565105E-007
 errorU,errorT:   2.9909015339513349E-006   7.2076530445013816E-007
 errorU,errorT:   2.5574278098964063E-006   8.0529719944801208E-007
 errorU,errorT:   2.1020725785050404E-006   8.7174750743919698E-007
 errorU,errorT:   1.6555995471988505E-006   9.1863552768374321E-007
 errorU,errorT:   1.2741987615092843E-006   9.4509379082323395E-007
 errorU,errorT:   1.0628682516123999E-006   9.5081128438988643E-007
 errorU,errorT:   1.1251817100201005E-006   9.3600083490328829E-007
 errorU,errorT:   1.4086397289602390E-006   9.0137328391972884E-007
 errorU,errorT:   1.7852828655202390E-006   8.4811310317890974E-007
 errorU,errorT:   2.1769896423821139E-006   7.7785665592352669E-007
 errorU,errorT:   2.5454909938919895E-006   6.9268155892577638E-007
 errorU,errorT:   2.8699870209182989E-006   5.9513099396102655E-007
 errorU,errorT:   3.1376969421596489E-006   4.8834225502160444E-007
 errorU,errorT:   3.3403338536710194E-006   3.7651366834317311E-007
 errorU,errorT:   3.4727130240061842E-006   2.6667514311470458E-007
 errorU,errorT:   3.5321497390933072E-006   1.7632840583667988E-007
 errorU,errorT:   3.5181668358162515E-006   1.5301331469525949E-007
 errorU,errorT:   3.4323306290070225E-006   2.1662008753022181E-007
 errorU,errorT:   3.2781480156178828E-006   3.1272906738373369E-007
 errorU,errorT:   3.0610116888749453E-006   4.1228115212596691E-007
 errorU,errorT:   2.7882225731653111E-006   5.0573280008800371E-007
 errorU,errorT:   2.4691825322139954E-006   5.8871828741171977E-007
 errorU,errorT:   2.1159967018967592E-006   6.5860202460464173E-007
 errorU,errorT:   1.7451188281588283E-006   7.1360465142815246E-007
 errorU,errorT:   1.3817813603087164E-006   7.5253518122016888E-007
 errorU,errorT:   1.0713513986045813E-006   7.7469485376604001E-007
 errorU,errorT:   8.9668559042285648E-007   7.7983573415992041E-007
 errorU,errorT:   9.3982601598669948E-007   7.6813682854035310E-007
 errorU,errorT:   1.1634652053448380E-006   7.4018481347595765E-007
 errorU,errorT:   1.4664542176747135E-006   6.9695568668474020E-007
 errorU,errorT:   1.7841255749193893E-006   6.3979888825225085E-007
 errorU,errorT:   2.0841616107943951E-006   5.7043157731057041E-007
 errorU,errorT:   2.3489494172529978E-006   4.9096411960478513E-007
 errorU,errorT:   2.5676980780178970E-006   4.0401702686537481E-007
 errorU,errorT:   2.7334281457916856E-006   3.1312882095604324E-007
 errorU,errorT:   2.8417685346711026E-006   2.2424676932690939E-007
 errorU,errorT:   2.8904320872883177E-006   1.5175132874516561E-007
 errorU,errorT:   2.8789597228407646E-006   1.3214606013103537E-007
 errorU,errorT:   2.8085766299977027E-006   1.8122514176764149E-007
t_ff=   290.00011 NuVolAvg=  1.65355E+01 ReVolRMS=  2.29979E+02
 errorU,errorT:   2.6821014593737957E-006   2.5811863166771983E-007
 errorU,errorT:   2.5038954203928079E-006   3.3876211202559822E-007
 errorU,errorT:   2.2798730787273670E-006   4.1484671242227358E-007
 errorU,errorT:   2.0176485100183302E-006   4.8258085788085408E-007
 errorU,errorT:   1.7270088580558812E-006   5.3970666651298913E-007
 errorU,errorT:   1.4212314336555743E-006   5.8471462823727913E-007
 errorU,errorT:   1.1206996181114077E-006   6.1659807282658647E-007
 errorU,errorT:   8.6247995512251964E-007   6.3476370007373695E-007
 errorU,errorT:   7.1614945428207970E-007   6.3899276904745467E-007
 errorU,errorT:   7.5279310105162060E-007   6.2941899602497259E-007
 errorU,errorT:   9.4030826404906887E-007   6.0651117936428784E-007
 errorU,errorT:   1.1924778653161693E-006   5.7105681736165414E-007
 errorU,errorT:   1.4557882974479844E-006   5.2414742817806610E-007
 errorU,errorT:   1.7040267521411320E-006   4.6717108672336877E-007
 errorU,errorT:   1.9230000569209237E-006   4.0182778027430605E-007
 errorU,errorT:   2.1040099546454268E-006   3.3021275836635921E-007
 errorU,errorT:   2.2414189586869168E-006   2.5511974708259260E-007
 errorU,errorT:   2.3316913087099672E-006   1.8118630289034188E-007
 errorU,errorT:   2.3729791242145946E-006   1.1982454923902196E-007
 errorU,errorT:   2.3649220828350231E-006   1.0241195955372515E-007
 errorU,errorT:   2.3085354963833701E-006   1.4398855293195570E-007
 errorU,errorT:   2.2061401911388881E-006   2.0831465618512288E-007
 errorU,errorT:   2.0613245994840328E-006   2.7524886439264995E-007
 errorU,errorT:   1.8789577294069513E-006   3.3819873227615752E-007
 errorU,errorT:   1.6653139048965416E-006   3.9417838589574350E-007
 errorU,errorT:   1.4284658866051638E-006   4.4139496772772706E-007
 errorU,errorT:   1.1793605352302801E-006   4.7863977892091258E-007
 errorU,errorT:   9.3471620459624962E-007   5.0510249927576947E-007
 errorU,errorT:   7.2448313640474509E-007   5.2030476575513924E-007
 errorU,errorT:   6.0365300218605938E-007   5.2407174494402212E-007
 errorU,errorT:   6.2855229571826897E-007   5.1651589081128910E-007
 errorU,errorT:   7.7652346724845265E-007   4.9802394122695026E-007
 errorU,errorT:   9.7943314319905607E-007   4.6924455428229039E-007
 errorU,errorT:   1.1930241205988810E-006   4.3107752032767774E-007
 errorU,errorT:   1.3951811827164932E-006   3.8466955690537440E-007
 errorU,errorT:   1.5738957268691304E-006   3.3143042168801558E-007
 errorU,errorT:   1.7218289822707815E-006   2.7310854197658276E-007
 errorU,errorT:   1.8342361362206804E-006   2.1205539258103680E-007
 errorU,errorT:   1.9081386714462015E-006   1.5218952775918128E-007
 errorU,errorT:   1.9419645818330979E-006   1.0289658577969693E-007
 errorU,errorT:   1.9353735115830254E-006   8.8351509490869266E-008
 errorU,errorT:   1.8891588626250035E-006   1.2042846588159900E-007
 errorU,errorT:   1.8051860985028420E-006   1.7190498469887892E-007
 errorU,errorT:   1.6863577764496773E-006   2.2613770841806278E-007
 errorU,errorT:   1.5366193055272749E-006   2.7739847636750140E-007
t_ff=   300.00022 NuVolAvg=  1.65355E+01 ReVolRMS=  2.29979E+02
 errorU,errorT:   1.3610535446980943E-006   3.2309753205056122E-007
 errorU,errorT:   1.1661900172432929E-006   3.6170041867510278E-007
 errorU,errorT:   9.6086587513366727E-007   3.9218256663833245E-007
 errorU,errorT:   7.5858853040368789E-007   4.1385962306671076E-007
 errorU,errorT:   5.8381121968484632E-007   4.2632590175660100E-007
 errorU,errorT:   4.8262255872404337E-007   4.2942784553578282E-007
 errorU,errorT:   5.0371570270353078E-007   4.2324904431220264E-007
 errorU,errorT:   6.2768448304418249E-007   4.0809854318655892E-007
 errorU,errorT:   7.9648838953899040E-007   3.8449983645972408E-007
 errorU,errorT:   9.7347659322322217E-007   3.5318095626753304E-007
 errorU,errorT:   1.1406930446200918E-006   3.1506925251213943E-007
 errorU,errorT:   1.2884519605961833E-006   2.7130106987919120E-007
 errorU,errorT:   1.4108333367920320E-006   2.2327578021056182E-007
 errorU,errorT:   1.5040021569851316E-006   1.7285269327124638E-007
 errorU,errorT:   1.5655474832115063E-006   1.2309207374547208E-007
 errorU,errorT:   1.5941980197242579E-006   8.1436929335202645E-008
 errorU,errorT:   1.5896848918794207E-006   6.8576588461208481E-008
 errorU,errorT:   1.5526652935695843E-006   9.5708601091346358E-008
 errorU,errorT:   1.4846747265048155E-006   1.3875247234302006E-007
 errorU,errorT:   1.3881007814571438E-006   1.8375296609274198E-007
 errorU,errorT:   1.2661904952232537E-006   2.2615495773292007E-007
 errorU,errorT:   1.1231310334182097E-006   2.6391588479985247E-007
 errorU,errorT:   9.6430626913496179E-007   2.9581605938332503E-007
 errorU,errorT:   7.9699997214413849E-007   3.2103443331418776E-007
 errorU,errorT:   6.3229072634545656E-007   3.3901973399125535E-007
 errorU,errorT:   4.8995151289646594E-007   3.4944457623193860E-007
 errorU,errorT:   4.0646480680050449E-007   3.5218594096930360E-007
 errorU,errorT:   4.2043071319127603E-007   3.4731412436095338E-007
 errorU,errorT:   5.1827311269279170E-007   3.3508396647559899E-007
 errorU,errorT:   6.5413690679617122E-007   3.1592651791888216E-007
 errorU,errorT:   7.9773723118556253E-007   2.9044171807669231E-007
 errorU,errorT:   9.3393892800380375E-007   2.5939533478848658E-007
 errorU,errorT:   1.0545535513262369E-006   2.2372913342350590E-007
 errorU,errorT:   1.1545898218116943E-006   1.8460978271428741E-007
 errorU,errorT:   1.2308221343547744E-006   1.4360023752059902E-007
 errorU,errorT:   1.2812211079837139E-006   1.0328322260101534E-007
 errorU,errorT:   1.3047067371401312E-006   6.9785129703068717E-008
 errorU,errorT:   1.3010288559994909E-006   5.9098037023375204E-008
 errorU,errorT:   1.2707005136447077E-006   8.0027282038604383E-008
 errorU,errorT:   1.2149560338375081E-006   1.1448011880523637E-007
 errorU,errorT:   1.1357270209028657E-006   1.5094893580811008E-007
 errorU,errorT:   1.0356452257797007E-006   1.8548349805590261E-007
 errorU,errorT:   9.1810376825100483E-007   2.1631451730774360E-007
 errorU,errorT:   7.8745899840830737E-007   2.4239907243913663E-007
t_ff=   310.00011 NuVolAvg=  1.65355E+01 ReVolRMS=  2.29979E+02
 errorU,errorT:   6.4959332469104635E-007   2.6304173695548567E-007
 errorU,errorT:   5.1345898916455746E-007   2.7777730937572012E-007
 errorU,errorT:   3.9518954445533486E-007   2.8632846165582788E-007
 errorU,errorT:   3.2530450257810243E-007   2.8858758828913412E-007
 errorU,errorT:   3.3709781208353854E-007   2.8460664751793769E-007
 errorU,errorT:   4.1900250756209262E-007   2.7458929109714827E-007
 errorU,errorT:   5.3198178914569132E-007   2.5888347153544906E-007
 errorU,errorT:   6.5093868461560737E-007   2.3797475097050060E-007
 errorU,errorT:   7.6357237447820392E-007   2.1248265994597081E-007
 errorU,errorT:   8.6327252321978209E-007   1.8316678092382385E-007
 errorU,errorT:   9.4600988541391895E-007   1.5096176853105417E-007
 errorU,errorT:   1.0091757070181802E-006   1.1710523326348983E-007
 errorU,errorT:   1.0511262683826833E-006   8.3617239334951880E-008
 errorU,errorT:   1.0709873708683811E-006   5.5353362508357096E-008
 errorU,errorT:   1.0685603390959735E-006   4.5942553132381426E-008
 errorU,errorT:   1.0442699401831841E-006   6.3617215529916351E-008
 errorU,errorT:   9.9913183816440949E-007   9.2413086391709119E-008
 errorU,errorT:   9.3473450489009773E-007   1.2266517061017742E-007
 errorU,errorT:   8.5324324570643321E-007   1.5122523846456175E-007
 errorU,errorT:   7.5745239516931802E-007   1.7669573449606288E-007
 errorU,errorT:   6.5095272010009167E-007   1.9824683580240747E-007
 errorU,errorT:   5.3859116237232015E-007   2.1532082455201357E-007
 errorU,errorT:   4.2771003418169235E-007   2.2754269949453127E-007
 errorU,errorT:   3.3136388450857211E-007   2.3468847056333435E-007
 errorU,errorT:   2.7374604220032362E-007   2.3667174924877234E-007
 errorU,errorT:   2.8126204202549867E-007   2.3353623151582578E-007
 errorU,errorT:   3.4591415841892381E-007   2.2544977607989911E-007
 errorU,errorT:   4.3686880637005840E-007   2.1269879278703321E-007
 errorU,errorT:   5.3340554040306045E-007   1.9568327236838702E-007
 errorU,errorT:   6.2516518104086359E-007   1.7491458010899515E-007
 errorU,errorT:   7.0656361513097308E-007   1.5102186113532382E-007
 errorU,errorT:   7.7420595511830577E-007   1.2478366152383681E-007
 errorU,errorT:   8.2589941816757860E-007   9.7239036039480854E-008
 errorU,errorT:   8.6026144816117275E-007   7.0090826104902840E-008
 errorU,errorT:   8.7655035574890335E-007   4.7338510555847723E-008
 errorU,errorT:   8.7458360853585962E-007   3.9549476897343877E-008
 errorU,errorT:   8.5469242144657925E-007   5.3180025037169813E-008
 errorU,errorT:   8.1769330502239405E-007   7.6233107248811517E-008
 errorU,errorT:   7.6487158200142165E-007   1.0075461818348549E-007
 errorU,errorT:   6.9798266502955884E-007   1.2401954913915764E-007
 errorU,errorT:   6.1929164402580064E-007   1.4481884991967939E-007
 errorU,errorT:   5.3170506856974114E-007   1.6244360265120622E-007
 errorU,errorT:   4.3913885648786962E-007   1.7642177798497263E-007
 errorU,errorT:   3.4752707101772083E-007   1.8643716701486367E-007
t_ff=   320.00022 NuVolAvg=  1.65355E+01 ReVolRMS=  2.29979E+02
 errorU,errorT:   2.6751507767498466E-007   1.9230023218979305E-007
 errorU,errorT:   2.1930609462715276E-007   1.9393568942966340E-007
 errorU,errorT:   2.2562563083095723E-007   1.9137561703562117E-007
 errorU,errorT:   2.7970199752238781E-007   1.8475415807040597E-007
 errorU,errorT:   3.5530471578429297E-007   1.7430255364864281E-007
 errorU,errorT:   4.3525179925164327E-007   1.6034462693559407E-007
 errorU,errorT:   5.1111596263072355E-007   1.4329424964369024E-007
 errorU,errorT:   5.7838542186843069E-007   1.2365915525284965E-007
 errorU,errorT:   6.3431770701036088E-007   1.0206363309459518E-007
 errorU,errorT:   6.7713827348317403E-007   7.9331583202609429E-008
 errorU,errorT:   7.0572660817891203E-007   5.6796832752530873E-008
 errorU,errorT:   7.1948183212181214E-007   3.7627785817110316E-008
 errorU,errorT:   7.1825832141123415E-007   3.0794256877738573E-008
 errorU,errorT:   7.0233016449075371E-007   4.2286150297480135E-008
 errorU,errorT:   6.7236899826784643E-007   6.1545391318624865E-008
 errorU,errorT:   6.2943152021166046E-007   8.1881234063859447E-008
 errorU,errorT:   5.7496163361923895E-007   1.0111723080119056E-007
 errorU,errorT:   5.1082414704864105E-007   1.1829694459689394E-007
 errorU,errorT:   4.3941401946698743E-007   1.3285574938221168E-007
 errorU,errorT:   3.6395691488877760E-007   1.4441480291375374E-007
 errorU,errorT:   2.8931956534334566E-007   1.5271903358943278E-007
 errorU,errorT:   2.2412120826437014E-007   1.5761523337229083E-007
 errorU,errorT:   1.8439942013342494E-007   1.5904284672166400E-007
 errorU,errorT:   1.8818766120943592E-007   1.5702885290812932E-007
 errorU,errorT:   2.3087794405868953E-007   1.5168377070449894E-007
 errorU,errorT:   2.9175660483219894E-007   1.4319787767523377E-007
 errorU,errorT:   3.5664923519323758E-007   1.3183783957482437E-007
 errorU,errorT:   4.1846484963321331E-007   1.1794513065831321E-007
 errorU,errorT:   4.7339492421043750E-007   1.0194005785444395E-007
 errorU,errorT:   5.1913025406033266E-007   8.4342204866126500E-008
 errorU,errorT:   5.5418017639778955E-007   6.5842466032299416E-008
 errorU,errorT:   5.7760288585398494E-007   4.7563917794709643E-008
 errorU,errorT:   5.8888923479567289E-007   3.2117913586161244E-008
 errorU,errorT:   5.8790682697145203E-007   2.6480004972066707E-008
 errorU,errorT:   5.7486912796056651E-007   3.5339541145215018E-008
 errorU,errorT:   5.5031612077245146E-007   5.0760763006736646E-008
 errorU,errorT:   5.1510299220787269E-007   6.7247668005650353E-008
 errorU,errorT:   4.7040057057379180E-007   8.2919867900695778E-008
 errorU,errorT:   4.1772091415796486E-007   9.6950951911113240E-008
 errorU,errorT:   3.5900333126822758E-007   1.0885898472682578E-007
 errorU,errorT:   2.9685487173010302E-007   1.1832356565138541E-007
 errorU,errorT:   2.3520950686622347E-007   1.2512977265298615E-007
 errorU,errorT:   1.8109200410815804E-007   1.2914809804748691E-007
 errorU,errorT:   1.4787239327600549E-007   1.3032594891846222E-007
 errorU,errorT:   1.5103732423553214E-007   1.2868297255996233E-007
t_ff=   330.00011 NuVolAvg=  1.65355E+01 ReVolRMS=  2.29979E+02
 errorU,errorT:   1.8671503459745708E-007   1.2430748913318625E-007
 errorU,errorT:   2.3729723320522905E-007   1.1735315413146059E-007
 errorU,errorT:   2.9102314754610581E-007   1.0803591217057544E-007
 errorU,errorT:   3.4211889610030153E-007   9.6632237393213288E-008
 errorU,errorT:   3.8750476349312211E-007   8.3481516669340560E-008
 errorU,errorT:   4.2531404769755032E-007   6.9000751741899701E-008
 errorU,errorT:   4.5433967813380037E-007   5.3738502492773060E-008
 errorU,errorT:   4.7381791100777204E-007   3.8575742306621193E-008
 errorU,errorT:   4.8333591536891042E-007   2.5580495295391428E-008
 errorU,errorT:   4.8278767086597442E-007   2.0651124154081110E-008
 errorU,errorT:   4.7234973334065167E-007   2.8107711790326219E-008
 errorU,errorT:   4.5246611343539427E-007   4.0985283251385608E-008
 errorU,errorT:   4.2383970845062033E-007   5.4654299256894816E-008
 errorU,errorT:   3.8743332259370604E-007   6.7609744478968365E-008
 errorU,errorT:   3.4449143852989938E-007   7.9196927021031607E-008
 errorU,errorT:   2.9661152612224976E-007   8.9031632287409940E-008
 errorU,errorT:   2.4594047742282045E-007   9.6856524147371013E-008
 errorU,errorT:   1.9570456722964200E-007   1.0249812136743921E-007
 errorU,errorT:   1.5159487458634656E-007   1.0585165991045430E-007
 errorU,errorT:   1.2423876068656008E-007   1.0687476254398655E-007
 errorU,errorT:   1.2593244293680812E-007   1.0558395671044117E-007
 errorU,errorT:   1.5410019193144287E-007   1.0205197666367195E-007
 errorU,errorT:   1.9484023716508709E-007   9.6405217361439403E-008
 errorU,errorT:   2.3845790573942731E-007   8.8821450234350448E-008
 errorU,errorT:   2.8009889842935184E-007   7.9528696436784443E-008
 errorU,errorT:   3.1716539409332577E-007   6.8807752699992835E-008
 errorU,errorT:   3.4808658399886692E-007   5.7005403597144853E-008
 errorU,errorT:   3.7184911588126531E-007   4.4581128641063686E-008
 errorU,errorT:   3.8781149647768789E-007   3.2275870180483334E-008
 errorU,errorT:   3.9562433409304211E-007   2.1794932057060933E-008
 errorU,errorT:   3.9519210134633322E-007   1.7738297844591790E-008
 errorU,errorT:   3.8665212993071623E-007   2.3484404155225458E-008
 errorU,errorT:   3.7036140758798069E-007   3.3797472198599315E-008
 errorU,errorT:   3.4688888408954439E-007   4.4881447583153097E-008
 errorU,errorT:   3.1701545178689089E-007   5.5438373385512084E-008
 errorU,errorT:   2.8175047038966983E-007   6.4903241044008612E-008
 errorU,errorT:   2.4238791150167854E-007   7.2948384558506277E-008
 errorU,errorT:   2.0066359122204230E-007   7.9356320553832753E-008
 errorU,errorT:   1.5918588290259942E-007   8.3980978782642948E-008
 errorU,errorT:   1.2259080753821125E-007   8.6733888905521093E-008
 errorU,errorT:   9.9723784069266156E-008   8.7578360939527371E-008
 Elapsed seconds:    6978.062903800000     
