 Visible OpenACC devices:            1
 errorU,errorT:    1.000000000000000        1.1580388673454574E-002
 errorU,errorT:   0.5009931336982398        3.4050700130924677E-002
 errorU,errorT:   0.3347974226765150        5.6316692751329112E-002
 errorU,errorT:   0.2489083503640898        7.8209532236367479E-002
 errorU,errorT:   0.1953346799693347        9.9676028931613245E-002
 errorU,errorT:   0.1590441043306360        0.1206701190009691     
 errorU,errorT:   0.1328073836645753        0.1407522319905088     
 errorU,errorT:   0.1116379094193453        0.1595907004894725     
 errorU,errorT:   9.2619894022565902E-002   0.1762727372726006     
 errorU,errorT:   7.5596967175337038E-002   0.1896817728205867     
 errorU,errorT:   6.3726716996173369E-002   0.1985082577111505     
 errorU,errorT:   6.1424736713665745E-002   0.2020126930648993     
 errorU,errorT:   7.2019216656130217E-002   0.2003799583771286     
 errorU,errorT:   8.9319804642974301E-002   0.1967059844944183     
 errorU,errorT:   0.1033421942444346        0.1936452702238484     
 errorU,errorT:   0.1207825114493020        0.1903041844393890     
 errorU,errorT:   0.1459623219330428        0.1863186165690705     
 errorU,errorT:   0.1786198849391750        0.1813433713019082     
 errorU,errorT:   0.2154775710540771        0.1717309670599168     
 errorU,errorT:   0.2564059521182555        0.1591918961436639     
 errorU,errorT:   0.3039577537923237        0.1482490974297931     
 errorU,errorT:   0.3600620379873875        0.1464393112085540     
 errorU,errorT:   0.4178854723844502        0.1629928067531221     
 errorU,errorT:   0.4557593409906823        0.1816654082342110     
 errorU,errorT:   0.4677935955926683        0.1904502531493526     
 errorU,errorT:   0.4582357353860711        0.1964588051315967     
 errorU,errorT:   0.4392987062944941        0.2090637765312260     
 errorU,errorT:   0.4211943271871039        0.2287889764789321     
 errorU,errorT:   0.4028996823653561        0.2544482456330355     
 errorU,errorT:   0.3840665045219506        0.2854920213573249     
 errorU,errorT:   0.3555578117985171        0.3172569586229106     
 errorU,errorT:   0.3219492846104116        0.3374100869008337     
 errorU,errorT:   0.2925495652247240        0.3420397789503489     
 errorU,errorT:   0.2652645704174967        0.3403263991208980     
 errorU,errorT:   0.2474469322665609        0.3410316434843415     
 errorU,errorT:   0.2430125367558191        0.3364112464019704     
 errorU,errorT:   0.2330454821047701        0.3293118512592976     
 errorU,errorT:   0.2382272552931659        0.3349808913561838     
 errorU,errorT:   0.2973124351661587        0.3310130564951875     
 errorU,errorT:   0.3689950875922251        0.3183890229383423     
 errorU,errorT:   0.4024116937211837        0.2997702495330324     
 errorU,errorT:   0.3760356374200713        0.2535584065403881     
 errorU,errorT:   0.3327307600986588        0.1869049475615599     
 errorU,errorT:   0.3037933769439008        0.1379057804409692     
t_ff=    10.00011 NuVolAvg= -2.11148E+01 ReVolRMS=  1.66227E+03
 errorU,errorT:   0.3261675347978377        0.1048002468545140     
 errorU,errorT:   0.3953886473231192        9.0661527345683279E-002
 errorU,errorT:   0.4267756543802430        0.1002075878772240     
 errorU,errorT:   0.3521426948893330        0.1094514418308165     
 errorU,errorT:   0.3281939000711429        0.1209188621434488     
 errorU,errorT:   0.3202177984939390        0.1340973967197165     
 errorU,errorT:   0.3383043824039310        0.1551276218816481     
 errorU,errorT:   0.3663296786917504        0.1936261453482705     
 errorU,errorT:   0.3859639639353631        0.2353176188505758     
 errorU,errorT:   0.3877826018068438        0.2685224309053531     
 errorU,errorT:   0.3776178055379070        0.2867169458126712     
 errorU,errorT:   0.3577989099436944        0.2959928358685731     
 errorU,errorT:   0.3277685753326984        0.2990563945975459     
 errorU,errorT:   0.2902924119582175        0.2934166769183950     
 errorU,errorT:   0.2559434770452222        0.2830237485828791     
 errorU,errorT:   0.2325367709399957        0.2749243153362569     
 errorU,errorT:   0.2201793769917197        0.2719983832063297     
 errorU,errorT:   0.2161812066951730        0.2676680086113047     
 errorU,errorT:   0.2178082305369931        0.2541194833793575     
 errorU,errorT:   0.2233813552646494        0.2323852426602271     
 errorU,errorT:   0.2320823812971570        0.2080751940018588     
 errorU,errorT:   0.2434624204605650        0.1854289855572405     
 errorU,errorT:   0.2560383640599143        0.1648344990419350     
 errorU,errorT:   0.2666501504880939        0.1455829834419432     
 errorU,errorT:   0.2719528999775209        0.1302172454317527     
 errorU,errorT:   0.2716278827716193        0.1213666679228521     
 errorU,errorT:   0.2694318200540388        0.1179856707767992     
 errorU,errorT:   0.2687466230476662        0.1186732525671703     
 errorU,errorT:   0.2674751451233757        0.1240200580880667     
 errorU,errorT:   0.2659109706584672        0.1344491954864553     
 errorU,errorT:   0.2680587875127749        0.1490016093083965     
 errorU,errorT:   0.2785748464072125        0.1660104128337703     
 errorU,errorT:   0.2956978975409358        0.1848188450471181     
 errorU,errorT:   0.3096066027322766        0.2040819803142235     
 errorU,errorT:   0.3134522960918391        0.2195546186235916     
 errorU,errorT:   0.3035791029790945        0.2264179289291027     
 errorU,errorT:   0.2838235151413434        0.2238729369204434     
 errorU,errorT:   0.2653150860295472        0.2139765976561470     
 errorU,errorT:   0.2571406444958673        0.2009655147746105     
 errorU,errorT:   0.2572054344179571        0.1903887038726701     
 errorU,errorT:   0.2538135668665439        0.1838677579406132     
 errorU,errorT:   0.2494880124846893        0.1774804218163206     
 errorU,errorT:   0.2489456026178331        0.1681734304128409     
 errorU,errorT:   0.2528151382511135        0.1569346336200061     
t_ff=    20.00023 NuVolAvg= -5.87004E+01 ReVolRMS=  1.53059E+03
 errorU,errorT:   0.2547895073497078        0.1464833040857961     
 errorU,errorT:   0.2496389462292997        0.1375467136047628     
 errorU,errorT:   0.2410146516847802        0.1296672247655071     
 errorU,errorT:   0.2370442800863740        0.1223015744411273     
 errorU,errorT:   0.2418403979830148        0.1157453919476400     
 errorU,errorT:   0.2529057104119226        0.1099032489637986     
 errorU,errorT:   0.2647497124763488        0.1047403686303673     
 errorU,errorT:   0.2717532723449799        9.9688066703002329E-002
 errorU,errorT:   0.2709763364139618        9.5172682008909784E-002
 errorU,errorT:   0.2631534649086588        9.2811579105491246E-002
 errorU,errorT:   0.2523346001352851        9.2776838799042444E-002
 errorU,errorT:   0.2407513199284992        9.3100026596092275E-002
 errorU,errorT:   0.2278220604245111        9.4094089286062679E-002
 errorU,errorT:   0.2129726906609575        9.7762999236807924E-002
 errorU,errorT:   0.1979614618806606        0.1042020439397960     
 errorU,errorT:   0.1847051592549279        0.1115268293928862     
 errorU,errorT:   0.1741599165212798        0.1180120562495701     
 errorU,errorT:   0.1664318940761884        0.1232054599406103     
 errorU,errorT:   0.1608927365907362        0.1273601694620035     
 errorU,errorT:   0.1565389809024567        0.1302421765647213     
 errorU,errorT:   0.1530775937163552        0.1308211188787041     
 errorU,errorT:   0.1509827149232527        0.1283494035356968     
 errorU,errorT:   0.1506922754407481        0.1232127167092023     
 errorU,errorT:   0.1525471014924523        0.1167291049544592     
 errorU,errorT:   0.1567938201816910        0.1103483562326038     
 errorU,errorT:   0.1621770456897922        0.1048306905464103     
 errorU,errorT:   0.1661790470628751        9.9354741898977653E-002
 errorU,errorT:   0.1691062651288980        9.2161426155674686E-002
 errorU,errorT:   0.1732399015483903        8.2517440659016505E-002
 errorU,errorT:   0.1798029428110423        7.1681682544576783E-002
 errorU,errorT:   0.1885916368006396        6.0925464342124043E-002
 errorU,errorT:   0.1981339394276676        5.1396674540557047E-002
 errorU,errorT:   0.2055197248886120        4.4588548960595463E-002
 errorU,errorT:   0.2081402090988722        4.1801725802175352E-002
 errorU,errorT:   0.2057046529941237        4.3633449819490001E-002
 errorU,errorT:   0.1991261733723794        4.9036032250852235E-002
 errorU,errorT:   0.1898543646237380        5.6544902247991150E-002
 errorU,errorT:   0.1798018026194917        6.5104611101759177E-002
 errorU,errorT:   0.1711284287157928        7.4023128022263796E-002
 errorU,errorT:   0.1653420885120601        8.2067514148418105E-002
 errorU,errorT:   0.1624071730234534        8.8507939040959341E-002
 errorU,errorT:   0.1611448480277900        9.3080085127659279E-002
 errorU,errorT:   0.1608461765341709        9.5899386853555341E-002
 errorU,errorT:   0.1613987920814814        9.7010894145171889E-002
 errorU,errorT:   0.1629269864435239        9.6139102968574128E-002
t_ff=    30.00011 NuVolAvg= -5.52923E+01 ReVolRMS=  1.09677E+03
 errorU,errorT:   0.1658321598102779        9.3408791574744993E-002
 errorU,errorT:   0.1697394028040616        8.8973920799347420E-002
 errorU,errorT:   0.1739465005477963        8.3125081198053202E-002
 errorU,errorT:   0.1778502109541991        7.6319800971385923E-002
 errorU,errorT:   0.1818441503681294        6.9058530639771742E-002
 errorU,errorT:   0.1864575412389448        6.1750460540661634E-002
 errorU,errorT:   0.1912440104317671        5.4794648335962745E-002
 errorU,errorT:   0.1953276872871552        4.8790937794923391E-002
 errorU,errorT:   0.1985369610025838        4.4400682769188918E-002
 errorU,errorT:   0.2011950915822836        4.1960368663277570E-002
 errorU,errorT:   0.2029077947270524        4.1223085453953548E-002
 errorU,errorT:   0.2034090555757733        4.1957252033752744E-002
 errorU,errorT:   0.2014855789685490        4.3991335362620579E-002
 errorU,errorT:   0.1966508291995025        4.7225756569817666E-002
 errorU,errorT:   0.1904606545358516        5.1551424260868624E-002
 errorU,errorT:   0.1839659399174351        5.6478601780014376E-002
 errorU,errorT:   0.1776825167569395        6.1593062793598267E-002
 errorU,errorT:   0.1711817483945040        6.6414804840898858E-002
 errorU,errorT:   0.1644172382249899        7.0641558117531686E-002
 errorU,errorT:   0.1576869131197825        7.4021540396686333E-002
 errorU,errorT:   0.1504502856642653        7.6175426305655575E-002
 errorU,errorT:   0.1435724999555633        7.7141377997171787E-002
 errorU,errorT:   0.1377710508744437        7.7014941764071476E-002
 errorU,errorT:   0.1333448691735984        7.6075573202571453E-002
 errorU,errorT:   0.1305098031800220        7.4524550875200213E-002
 errorU,errorT:   0.1289453901074089        7.2362276702343686E-002
 errorU,errorT:   0.1283590092063950        6.9566546467985282E-002
 errorU,errorT:   0.1286538361871284        6.5929045269132278E-002
 errorU,errorT:   0.1300154194727531        6.1510013778498428E-002
 errorU,errorT:   0.1324981328462007        5.6501923098689649E-002
 errorU,errorT:   0.1358079166461768        5.1270654483246456E-002
 errorU,errorT:   0.1393011326116688        4.6191386561516459E-002
 errorU,errorT:   0.1425744628295368        4.1213756072724622E-002
 errorU,errorT:   0.1455253939730991        3.6298593353359158E-002
 errorU,errorT:   0.1481337192858589        3.1564040255300470E-002
 errorU,errorT:   0.1501245978283586        2.7455460582055814E-002
 errorU,errorT:   0.1509612453017837        2.4522471250447066E-002
 errorU,errorT:   0.1503036428885863        2.3057743971488864E-002
 errorU,errorT:   0.1480610244386361        2.3071980407467961E-002
 errorU,errorT:   0.1438457890092296        2.4415974885678433E-002
 errorU,errorT:   0.1378268779630614        2.6844499528188712E-002
 errorU,errorT:   0.1314787544657756        2.9982483709255381E-002
 errorU,errorT:   0.1258362014301651        3.3374291253032741E-002
 errorU,errorT:   0.1212571466074896        3.6582107615037066E-002
t_ff=    40.00022 NuVolAvg= -1.68190E+01 ReVolRMS=  7.93937E+02
 errorU,errorT:   0.1175329665419127        3.9461539653170737E-002
 errorU,errorT:   0.1138913727243969        4.1941311712598434E-002
 errorU,errorT:   0.1104187675482405        4.3957884356029556E-002
 errorU,errorT:   0.1076038271301072        4.5400701704145278E-002
 errorU,errorT:   0.1057324138982597        4.6119135740488905E-002
 errorU,errorT:   0.1052430055104594        4.6111644956168291E-002
 errorU,errorT:   0.1060559540548099        4.5333392535949445E-002
 errorU,errorT:   0.1083236349402435        4.3826400497781540E-002
 errorU,errorT:   0.1121032613148799        4.1664273108265940E-002
 errorU,errorT:   0.1171346830422582        3.8817916396438695E-002
 errorU,errorT:   0.1227109232116223        3.5280396700307359E-002
 errorU,errorT:   0.1290937033053165        3.1260534511848237E-002
 errorU,errorT:   0.1362645793188098        2.7149149198398212E-002
 errorU,errorT:   0.1424415696183499        2.3332157147566753E-002
 errorU,errorT:   0.1465843290894509        2.0374885986908987E-002
 errorU,errorT:   0.1482677233232669        1.8832037189804515E-002
 errorU,errorT:   0.1468727722329534        1.8700724140421947E-002
 errorU,errorT:   0.1423494395233503        1.9742160868391114E-002
 errorU,errorT:   0.1362793401294209        2.1807023388419926E-002
 errorU,errorT:   0.1295994359403297        2.4520378761766236E-002
 errorU,errorT:   0.1226992970805945        2.7511268598521574E-002
 errorU,errorT:   0.1160457612114362        3.0552653652916175E-002
 errorU,errorT:   0.1096644104466270        3.3432062695314707E-002
 errorU,errorT:   0.1031889305806950        3.5969470213251468E-002
 errorU,errorT:   9.6797525919239943E-002   3.8108175201895675E-002
 errorU,errorT:   9.0898917380204766E-002   3.9743645276930174E-002
 errorU,errorT:   8.5037721741368436E-002   4.0714754885517040E-002
 errorU,errorT:   7.8881107904562708E-002   4.0902981824538262E-002
 errorU,errorT:   7.3993351427630472E-002   4.0415066105394769E-002
 errorU,errorT:   7.0943660372267903E-002   3.9319715053766496E-002
 errorU,errorT:   6.9810093559672812E-002   3.7613718290514526E-002
 errorU,errorT:   7.1147608841812093E-002   3.5300678191562518E-002
 errorU,errorT:   7.4606921710865304E-002   3.2387532175850983E-002
 errorU,errorT:   7.9860041394808512E-002   2.8981726839312112E-002
 errorU,errorT:   8.6599809511213391E-002   2.5194917325982464E-002
 errorU,errorT:   9.4237265908254125E-002   2.1169507996720561E-002
 errorU,errorT:   0.1022751602159280        1.7124794771492504E-002
 errorU,errorT:   0.1100463092190124        1.3373849928322206E-002
 errorU,errorT:   0.1166915768691519        1.0534054479289059E-002
 errorU,errorT:   0.1213450195537255        9.5030828997263554E-003
 errorU,errorT:   0.1233087717330616        1.0670319979308595E-002
 errorU,errorT:   0.1222619183301199        1.3241933368444907E-002
 errorU,errorT:   0.1183284668712466        1.6357118510003894E-002
 errorU,errorT:   0.1120024007440802        1.9515304120031027E-002
t_ff=    50.00011 NuVolAvg=  4.78817E+00 ReVolRMS=  6.46838E+02
 errorU,errorT:   0.1039664154081327        2.2479963156087763E-002
 errorU,errorT:   9.4979859515511647E-002   2.5096189026099943E-002
 errorU,errorT:   8.5799677876981228E-002   2.7265888896188171E-002
 errorU,errorT:   7.7145328180334719E-002   2.8948522853116571E-002
 errorU,errorT:   6.9735373394430505E-002   3.0103943416710355E-002
 errorU,errorT:   6.4244098980701381E-002   3.0734685684710827E-002
 errorU,errorT:   6.1283630817017411E-002   3.0837918568393557E-002
 errorU,errorT:   6.1263659966754772E-002   3.0425879665465984E-002
 errorU,errorT:   6.4213662453614123E-002   2.9524586740110558E-002
 errorU,errorT:   6.9769899488547310E-002   2.8159758017673280E-002
 errorU,errorT:   7.7263244399531764E-002   2.6377861790230765E-002
 errorU,errorT:   8.5934407443186034E-002   2.4230680300357695E-002
 errorU,errorT:   9.5042342094594306E-002   2.1789707132152399E-002
 errorU,errorT:   0.1038972382528212        1.9150479312520768E-002
 errorU,errorT:   0.1117147201849515        1.6437921237205489E-002
 errorU,errorT:   0.1175487268195080        1.3826501589607644E-002
 errorU,errorT:   0.1206425025059027        1.1590576284183331E-002
 errorU,errorT:   0.1206385551203609        1.0113763513693804E-002
 errorU,errorT:   0.1175567381246724        9.7500044689560091E-003
 errorU,errorT:   0.1117960551951484        1.0553219589637744E-002
 errorU,errorT:   0.1042335227594579        1.2209448902702853E-002
 errorU,errorT:   9.5751504677184990E-002   1.4287093336392316E-002
 errorU,errorT:   8.6864723870265934E-002   1.6458002813537355E-002
 errorU,errorT:   7.8073834803752365E-002   1.8539078779768119E-002
 errorU,errorT:   6.9782941061648146E-002   2.0410165539081662E-002
 errorU,errorT:   6.2134695851708589E-002   2.1982490810232947E-002
 errorU,errorT:   5.5369573680735799E-002   2.3220139203772028E-002
 errorU,errorT:   4.9919911334446190E-002   2.4091298624143959E-002
 errorU,errorT:   4.6077623359782792E-002   2.4571624565520742E-002
 errorU,errorT:   4.4102679963022813E-002   2.4651151538908230E-002
 errorU,errorT:   4.4201707951732241E-002   2.4328342639462805E-002
 errorU,errorT:   4.6272019928637720E-002   2.3623690424173581E-002
 errorU,errorT:   4.9975260839506715E-002   2.2555159477194709E-002
 errorU,errorT:   5.4910193953687743E-002   2.1163737207997073E-002
 errorU,errorT:   6.0654281344457835E-002   1.9495223662272680E-002
 errorU,errorT:   6.6834532035808802E-002   1.7605802306956141E-002
 errorU,errorT:   7.3133595580029187E-002   1.5581008411049672E-002
 errorU,errorT:   7.9231624884243665E-002   1.3512999789940135E-002
 errorU,errorT:   8.4812965821878666E-002   1.1545901925811838E-002
 errorU,errorT:   8.9562969987283886E-002   9.8732609213069925E-003
 errorU,errorT:   9.3198360195505786E-002   8.7589192084145846E-003
 errorU,errorT:   9.5514416200396510E-002   8.4640772926136872E-003
 errorU,errorT:   9.6392913716431231E-002   9.0325693711894878E-003
 errorU,errorT:   9.5870967258428516E-002   1.0254433582926633E-002
 errorU,errorT:   9.4099104258151406E-002   1.1832942174041780E-002
t_ff=    60.00022 NuVolAvg=  1.51076E+01 ReVolRMS=  6.10403E+02
 errorU,errorT:   9.1340849052117493E-002   1.3540578446004545E-002
 errorU,errorT:   8.7929004693613103E-002   1.5229911418873780E-002
 errorU,errorT:   8.4191226855212242E-002   1.6803839659658051E-002
 errorU,errorT:   8.0472267211539342E-002   1.8200091363829975E-002
 errorU,errorT:   7.7061938374461472E-002   1.9371764686953084E-002
 errorU,errorT:   7.4234273684546270E-002   2.0285372757358203E-002
 errorU,errorT:   7.2226921317751630E-002   2.0915245053441941E-002
 errorU,errorT:   7.1211539189732304E-002   2.1239969659925469E-002
 errorU,errorT:   7.1326601558540897E-002   2.1247294840144568E-002
 errorU,errorT:   7.2601380894544640E-002   2.0928536513665403E-002
 errorU,errorT:   7.4996772319732341E-002   2.0286138682383555E-002
 errorU,errorT:   7.8365343283876662E-002   1.9332498748928187E-002
 errorU,errorT:   8.2439139718660862E-002   1.8092014473614790E-002
 errorU,errorT:   8.6859663928065850E-002   1.6607507421915711E-002
 errorU,errorT:   9.1145988110759343E-002   1.4937587938711227E-002
 errorU,errorT:   9.4785896117922014E-002   1.3168391492103096E-002
 errorU,errorT:   9.7273456830362606E-002   1.1420302261369119E-002
 errorU,errorT:   9.8205319457619095E-002   9.8668352924042059E-003
 errorU,errorT:   9.7373475738179158E-002   8.7479717577742186E-003
 errorU,errorT:   9.4772087142256919E-002   8.3160459389732769E-003
 errorU,errorT:   9.0609832959708897E-002   8.6795406023613339E-003
 errorU,errorT:   8.5213932946624646E-002   9.6933701570056808E-003
 errorU,errorT:   7.8966219847668800E-002   1.1086842430373450E-002
 errorU,errorT:   7.2242993965746696E-002   1.2622523842708490E-002
 errorU,errorT:   6.5377463657741997E-002   1.4135161516426938E-002
 errorU,errorT:   5.8678757328654373E-002   1.5520624770790413E-002
 errorU,errorT:   5.2446253696290288E-002   1.6709464109950185E-002
 errorU,errorT:   4.7015280215697688E-002   1.7657409043124857E-002
 errorU,errorT:   4.2782818832412341E-002   1.8336936300545999E-002
 errorU,errorT:   4.0191249580173311E-002   1.8730409313484429E-002
 errorU,errorT:   3.9599934726746999E-002   1.8835328662723572E-002
 errorU,errorT:   4.1105470190193144E-002   1.8655393685331728E-002
 errorU,errorT:   4.4449690424708192E-002   1.8207513637144346E-002
 errorU,errorT:   4.9149243985924115E-002   1.7517062971796036E-002
 errorU,errorT:   5.4688732797479586E-002   1.6614975640326470E-002
 errorU,errorT:   6.0616688564130258E-002   1.5541341013248602E-002
 errorU,errorT:   6.6580387958874221E-002   1.4336847236498727E-002
 errorU,errorT:   7.2279626249762849E-002   1.3052736032407988E-002
 errorU,errorT:   7.7441873081743065E-002   1.1750842657382929E-002
 errorU,errorT:   8.1795746537065103E-002   1.0513187389778817E-002
 errorU,errorT:   8.5063761405516816E-002   9.4510107257454942E-003
 errorU,errorT:   8.6992906235920139E-002   8.7027819078594488E-003
 errorU,errorT:   8.7376489759277337E-002   8.4039669163546733E-003
 errorU,errorT:   8.6101923097621616E-002   8.6205792961289371E-003
t_ff=    70.00011 NuVolAvg=  2.53392E+01 ReVolRMS=  5.91532E+02
 errorU,errorT:   8.3173480043058690E-002   9.3009355989424926E-003
 errorU,errorT:   7.8718298818265614E-002   1.0304952296071037E-002
 errorU,errorT:   7.2971067843084353E-002   1.1479376199513194E-002
 errorU,errorT:   6.6233582397348709E-002   1.2689468467132328E-002
 errorU,errorT:   5.8849789233073949E-002   1.3834844846328069E-002
 errorU,errorT:   5.1200125178739911E-002   1.4839549766987151E-002
 errorU,errorT:   4.3743978031336603E-002   1.5647237385545416E-002
 errorU,errorT:   3.7110434059916000E-002   1.6219249691115718E-002
 errorU,errorT:   3.2221010158973704E-002   1.6526040899203516E-002
 errorU,errorT:   3.0208581990047147E-002   1.6551040396544869E-002
 errorU,errorT:   3.1750867872144664E-002   1.6285871825381975E-002
 errorU,errorT:   3.6388050586976355E-002   1.5732465287899847E-002
 errorU,errorT:   4.2991873117837080E-002   1.4904046022564179E-002
 errorU,errorT:   5.0528630155747711E-002   1.3822614930019043E-002
 errorU,errorT:   5.8224069275769806E-002   1.2523909492315700E-002
 errorU,errorT:   6.5476308844126696E-002   1.1056921403084242E-002
 errorU,errorT:   7.1779039683785115E-002   9.4929917291791694E-003
 errorU,errorT:   7.6708226219658615E-002   7.9412693353485015E-003
 errorU,errorT:   7.9952120140101279E-002   6.5773708372038253E-003
 errorU,errorT:   8.1351155976650408E-002   5.6837536032822832E-003
 errorU,errorT:   8.0915341688442083E-002   5.5681164437168928E-003
 errorU,errorT:   7.8807770378180042E-002   6.2752662653749666E-003
 errorU,errorT:   7.5297582252138187E-002   7.5263404036916698E-003
 errorU,errorT:   7.0704687967852425E-002   9.0158716051529034E-003
 errorU,errorT:   6.5357965620408590E-002   1.0545985293836388E-002
 errorU,errorT:   5.9566502800842684E-002   1.1997162823594684E-002
 errorU,errorT:   5.3623946738971022E-002   1.3293787535668048E-002
 errorU,errorT:   4.7825699890842795E-002   1.4383918269896110E-002
 errorU,errorT:   4.2501804505114198E-002   1.5230760882137963E-002
 errorU,errorT:   3.8057024595212902E-002   1.5807768645090387E-002
 errorU,errorT:   3.4967621691599969E-002   1.6098318646264157E-002
 errorU,errorT:   3.3695939326598270E-002   1.6093172994199663E-002
 errorU,errorT:   3.4472110869937213E-002   1.5791787431041680E-002
 errorU,errorT:   3.7139254021862605E-002   1.5201838275502529E-002
 errorU,errorT:   4.1246919771496596E-002   1.4338312591224997E-002
 errorU,errorT:   4.6261246826678620E-002   1.3226805495615286E-002
 errorU,errorT:   5.1700309730257708E-002   1.1901107318851538E-002
 errorU,errorT:   5.7149662613430838E-002   1.0409097265570174E-002
 errorU,errorT:   6.2244364693572772E-002   8.8168013746380940E-003
 errorU,errorT:   6.6650401516894081E-002   7.2221700898760467E-003
 errorU,errorT:   7.0063147950786206E-002   5.7894737055927863E-003
 errorU,errorT:   7.2225198641649835E-002   4.7980707216744673E-003
 errorU,errorT:   7.2955786735947048E-002   4.5981947562160905E-003
 errorU,errorT:   7.2181672977210676E-002   5.2506981132894020E-003
t_ff=    80.00022 NuVolAvg=  2.34987E+01 ReVolRMS=  5.61784E+02
 errorU,errorT:   6.9956708236642504E-002   6.4243699258127477E-003
 errorU,errorT:   6.6464169540605494E-002   7.7868243191499984E-003
 errorU,errorT:   6.1996177266819323E-002   9.1450881958245415E-003
 errorU,errorT:   5.6932997816580053E-002   1.0394013662408422E-002
 errorU,errorT:   5.1718462132021630E-002   1.1472705205207328E-002
 errorU,errorT:   4.6851307427150143E-002   1.2343929573284094E-002
 errorU,errorT:   4.2873178504586267E-002   1.2985260830077923E-002
 errorU,errorT:   4.0307346978256664E-002   1.3385199575951497E-002
 errorU,errorT:   3.9532041518392964E-002   1.3540732800383358E-002
 errorU,errorT:   4.0607511490363485E-002   1.3456397677606041E-002
 errorU,errorT:   4.3246579583639505E-002   1.3143403747294601E-002
 errorU,errorT:   4.6955139983827276E-002   1.2619281676190981E-002
 errorU,errorT:   5.1203260862607361E-002   1.1907598245911069E-002
 errorU,errorT:   5.5523909642580978E-002   1.1038454354063714E-002
 errorU,errorT:   5.9526201158393223E-002   1.0049076111990511E-002
 errorU,errorT:   6.2895986668454501E-002   8.9862569554131425E-003
 errorU,errorT:   6.5390252245164343E-002   7.9103831750836837E-003
 errorU,errorT:   6.6839239265490291E-002   6.9021870268983826E-003
 errorU,errorT:   6.7154272816823873E-002   6.0702291371009468E-003
 errorU,errorT:   6.6325056373765845E-002   5.5450096512598404E-003
 errorU,errorT:   6.4415563099882833E-002   5.4337307071401107E-003
 errorU,errorT:   6.1547200751588038E-002   5.7451849898733027E-003
 errorU,errorT:   5.7879665051188807E-002   6.3781756629990097E-003
 errorU,errorT:   5.3593401972931699E-002   7.1937782768140167E-003
 errorU,errorT:   4.8874664757504675E-002   8.0741768914757931E-003
 errorU,errorT:   4.3912435063869104E-002   8.9354907788261554E-003
 errorU,errorT:   3.8902758329752901E-002   9.7199550198495636E-003
 errorU,errorT:   3.4067118868281281E-002   1.0387583886424797E-002
 errorU,errorT:   2.9683247201452132E-002   1.0910779830745385E-002
 errorU,errorT:   2.6121407841357792E-002   1.1270304364394745E-002
 errorU,errorT:   2.3842049145218657E-002   1.1454648512761977E-002
 errorU,errorT:   2.3261339176581259E-002   1.1457927087867380E-002
 errorU,errorT:   2.4486052162652525E-002   1.1280098050641956E-002
 errorU,errorT:   2.7214276859227879E-002   1.0926648694228014E-002
 errorU,errorT:   3.0951677831611527E-002   1.0407806155195052E-002
 errorU,errorT:   3.5237617201572410E-002   9.7399390890752658E-003
 errorU,errorT:   3.9714610713772816E-002   8.9445676424719997E-003
 errorU,errorT:   4.4105205660927072E-002   8.0506225526137641E-003
 errorU,errorT:   4.8180285770471253E-002   7.0965473359124575E-003
 errorU,errorT:   5.1738609449355995E-002   6.1354293487992035E-003
 errorU,errorT:   5.4597667013972895E-002   5.2458619192876817E-003
 errorU,errorT:   5.6597323652421559E-002   4.5440024021712955E-003
 errorU,errorT:   5.7607541267633275E-002   4.1788162307353823E-003
 errorU,errorT:   5.7540970709723707E-002   4.2583891582546286E-003
 errorU,errorT:   5.6363353556762599E-002   4.7496505931746407E-003
t_ff=    90.00011 NuVolAvg=  2.51452E+01 ReVolRMS=  5.55459E+02
 errorU,errorT:   5.4099005303710396E-002   5.5096966836486903E-003
 errorU,errorT:   5.0830495958733055E-002   6.3943543834572986E-003
 errorU,errorT:   4.6693275431038288E-002   7.2996621228797317E-003
 errorU,errorT:   4.1871142673945330E-002   8.1557853626828165E-003
 errorU,errorT:   3.6599986905336508E-002   8.9140495953381471E-003
 errorU,errorT:   3.1193149917584106E-002   9.5386655730132323E-003
 errorU,errorT:   2.6106016669480217E-002   1.0003334238283475E-002
 errorU,errorT:   2.2050025641525854E-002   1.0288655296512786E-002
 errorU,errorT:   2.0015672161799683E-002   1.0382133202089644E-002
 errorU,errorT:   2.0746203136660767E-002   1.0277643221284515E-002
 errorU,errorT:   2.3931003698161604E-002   9.9755040872003230E-003
 errorU,errorT:   2.8558810135588929E-002   9.4831082077595809E-003
 errorU,errorT:   3.3734041104906153E-002   8.8146414209520543E-003
 errorU,errorT:   3.8857053798263930E-002   7.9925262100389183E-003
 errorU,errorT:   4.3524810151936398E-002   7.0486522359468878E-003
 errorU,errorT:   4.7449317158679893E-002   6.0284701371864351E-003
 errorU,errorT:   5.0422936627190766E-002   5.0004616834885100E-003
 errorU,errorT:   5.2309767612080005E-002   4.0754873115799121E-003
 errorU,errorT:   5.3045694400568721E-002   3.4367968724440747E-003
 errorU,errorT:   5.2637922981165534E-002   3.3039869152115299E-003
 errorU,errorT:   5.1158692495363978E-002   3.7240135226080649E-003
 errorU,errorT:   4.8732840830292411E-002   4.5022906063390692E-003
 errorU,errorT:   4.5522506162295889E-002   5.4253853175260944E-003
 errorU,errorT:   4.1713634295265568E-002   6.3609389875564082E-003
 errorU,errorT:   3.7507829976267545E-002   7.2336861286396419E-003
 errorU,errorT:   3.3124538262867993E-002   7.9984604809827577E-003
 errorU,errorT:   2.8817096937013089E-002   8.6264422941918703E-003
 errorU,errorT:   2.4904568554346640E-002   9.0990016050110315E-003
 errorU,errorT:   2.1808970089581606E-002   9.4046768084821101E-003
 errorU,errorT:   2.0031268296110714E-002   9.5377723714809102E-003
 errorU,errorT:   1.9950626639057945E-002   9.4973534348145334E-003
 errorU,errorT:   2.1529268485420798E-002   9.2867891875389186E-003
 errorU,errorT:   2.4330893939981203E-002   8.9135610436479294E-003
 errorU,errorT:   2.7830555156891455E-002   8.3890363212183461E-003
 errorU,errorT:   3.1604559787540842E-002   7.7291757450593992E-003
 errorU,errorT:   3.5346105966731184E-002   6.9550385606695917E-003
 errorU,errorT:   3.8826132329688082E-002   6.0949430054032762E-003
 errorU,errorT:   4.1862122584003410E-002   5.1885447509571045E-003
 errorU,errorT:   4.4302367764910672E-002   4.2957378569163972E-003
 errorU,errorT:   4.6020672744581798E-002   3.5157726430026428E-003
 errorU,errorT:   4.6918915597651045E-002   3.0094039343224665E-003
 errorU,errorT:   4.6931818363250818E-002   2.9532562524281860E-003
 errorU,errorT:   4.6032771961898721E-002   3.3596900278641106E-003
 errorU,errorT:   4.4237914410837610E-002   4.0548735870142823E-003
t_ff=   100.00022 NuVolAvg=  2.43718E+01 ReVolRMS=  5.48588E+02
 errorU,errorT:   4.1608083826724783E-002   4.8637594058923749E-003
 errorU,errorT:   3.8249339442798555E-002   5.6772550357940760E-003
 errorU,errorT:   3.4315417005066864E-002   6.4310741161678099E-003
 errorU,errorT:   3.0017507588923582E-002   7.0847452396753984E-003
 errorU,errorT:   2.5651726425796863E-002   7.6111486247973561E-003
 errorU,errorT:   2.1658028289517219E-002   7.9917669803993164E-003
 errorU,errorT:   1.8693868862014948E-002   8.2148315518272633E-003
 errorU,errorT:   1.7553100371985663E-002   8.2741233844944237E-003
 errorU,errorT:   1.8630428230832774E-002   8.1686444174520652E-003
 errorU,errorT:   2.1481558548025022E-002   7.9022711970920534E-003
 errorU,errorT:   2.5286909860681821E-002   7.4836192995307348E-003
 errorU,errorT:   2.9376814640822868E-002   6.9262035545659953E-003
 errorU,errorT:   3.3305703143314609E-002   6.2487183106804444E-003
 errorU,errorT:   3.6776012079644857E-002   5.4762768803494361E-003
 errorU,errorT:   3.9582408079897088E-002   4.6432202760101054E-003
 errorU,errorT:   4.1585996483005774E-002   3.8002464178756952E-003
 errorU,errorT:   4.2704418655181681E-002   3.0315597309326738E-003
 errorU,errorT:   4.2908156767359436E-002   2.4856920511526458E-003
 errorU,errorT:   4.2216137157449631E-002   2.3602834654874202E-003
 errorU,errorT:   4.0689750424783830E-002   2.7039554146535225E-003
 errorU,errorT:   3.8424688687660698E-002   3.3369365438220503E-003
 errorU,errorT:   3.5542475926278856E-002   4.0741274158912020E-003
 errorU,errorT:   3.2184081065238256E-002   4.8088933854324540E-003
 errorU,errorT:   2.8508080559136163E-002   5.4831480082996667E-003
 errorU,errorT:   2.4697004861603693E-002   6.0625459630353328E-003
 errorU,errorT:   2.0976946482514330E-002   6.5254944863413758E-003
 errorU,errorT:   1.7656120677127598E-002   6.8585989234843251E-003
 errorU,errorT:   1.5169110204653315E-002   7.0547516520367238E-003
 errorU,errorT:   1.4025572637166297E-002   7.1120193490501697E-003
 errorU,errorT:   1.4493649682847547E-002   7.0332243938258992E-003
 errorU,errorT:   1.6306549086859426E-002   6.8254435553403610E-003
 errorU,errorT:   1.8911151214247052E-002   6.4997902837315279E-003
 errorU,errorT:   2.1833182199145439E-002   6.0713973784600984E-003
 errorU,errorT:   2.4758881853926412E-002   5.5593955581395172E-003
 errorU,errorT:   2.7486518171720466E-002   4.9877407896916220E-003
 errorU,errorT:   2.9879789216366425E-002   4.3864586401975306E-003
 errorU,errorT:   3.1841706339946617E-002   3.7946161141876838E-003
 errorU,errorT:   3.3302657281321341E-002   3.2648624781336528E-003
 errorU,errorT:   3.4215939533154702E-002   2.8663945323789196E-003
 errorU,errorT:   3.4556531337912567E-002   2.6734393025299404E-003
 errorU,errorT:   3.4321398882607310E-002   2.7234235975136063E-003
 errorU,errorT:   3.3529741150363064E-002   2.9819631014697161E-003
 errorU,errorT:   3.2222942654180776E-002   3.3706199968882291E-003
 errorU,errorT:   3.0464193661771142E-002   3.8154713591910887E-003
t_ff=   110.00011 NuVolAvg=  2.38189E+01 ReVolRMS=  5.38798E+02
 errorU,errorT:   2.8338599034812187E-002   4.2643794756212416E-003
 errorU,errorT:   2.5954711573114388E-002   4.6835844030661909E-003
 errorU,errorT:   2.3449281667805404E-002   5.0511907122439414E-003
 errorU,errorT:   2.0995954404057122E-002   5.3526393891140910E-003
 errorU,errorT:   1.8815565356697726E-002   5.5780680063863232E-003
 errorU,errorT:   1.7174537304691512E-002   5.7208089393693965E-003
 errorU,errorT:   1.6337741460547416E-002   5.7767110581034078E-003
 errorU,errorT:   1.6456872307768978E-002   5.7437431779665121E-003
 errorU,errorT:   1.7471383206122824E-002   5.6219987022914624E-003
 errorU,errorT:   1.9143056521998342E-002   5.4138507169930747E-003
 errorU,errorT:   2.1180948580671159E-002   5.1242628105213940E-003
 errorU,errorT:   2.3328146080492562E-002   4.7614189673893101E-003
 errorU,errorT:   2.5384323017218668E-002   4.3375376142235312E-003
 errorU,errorT:   2.7198841707853832E-002   3.8704737343716669E-003
 errorU,errorT:   2.8660054860236414E-002   3.3864086285998289E-003
 errorU,errorT:   2.9687825019499011E-002   2.9245009154110048E-003
 errorU,errorT:   3.0229212428779902E-002   2.5430410253760305E-003
 errorU,errorT:   3.0256158463776769E-002   2.3182970902192769E-003
 errorU,errorT:   2.9763649735653798E-002   2.3140138808779901E-003
 errorU,errorT:   2.8767981150985281E-002   2.5285367426056251E-003
 errorU,errorT:   2.7304919853324946E-002   2.8953441049814799E-003
 errorU,errorT:   2.5428213177619563E-002   3.3361765354824901E-003
 errorU,errorT:   2.3209370827992112E-002   3.7912274830708375E-003
 errorU,errorT:   2.0740133286159802E-002   4.2199291497100654E-003
 errorU,errorT:   1.8140222466981652E-002   4.5948349357077013E-003
 errorU,errorT:   1.5574533947448435E-002   4.8970470681022546E-003
 errorU,errorT:   1.3283900978581464E-002   5.1136395428857387E-003
 errorU,errorT:   1.1615562504634858E-002   5.2363407628963519E-003
 errorU,errorT:   1.0966727109120444E-002   5.2607655555055397E-003
 errorU,errorT:   1.1527948467043723E-002   5.1860475082126153E-003
 errorU,errorT:   1.3085942347824682E-002   5.0145599103484121E-003
 errorU,errorT:   1.5228358163458503E-002   4.7517818995667389E-003
 errorU,errorT:   1.7600621571883201E-002   4.4063276605290306E-003
 errorU,errorT:   1.9959734113133714E-002   3.9901072044996894E-003
 errorU,errorT:   2.2141682661084173E-002   3.5190990450722579E-003
 errorU,errorT:   2.4030063644859698E-002   3.0150727411143849E-003
 errorU,errorT:   2.5538616888854660E-002   2.5097830316691094E-003
 errorU,errorT:   2.6603211314495858E-002   2.0539917345401264E-003
 errorU,errorT:   2.7178873508076368E-002   1.7306120539320046E-003
 errorU,errorT:   2.7238996486907599E-002   1.6422205211993972E-003
 errorU,errorT:   2.6775551550757712E-002   1.8205776945988570E-003
 errorU,errorT:   2.5799359006209867E-002   2.1820057757194885E-003
 errorU,errorT:   2.4340341314313223E-002   2.6233984195737107E-003
 errorU,errorT:   2.2448014674645661E-002   3.0772835094785454E-003
 errorU,errorT:   2.0193154120920098E-002   3.5043303788412821E-003
t_ff=   120.00022 NuVolAvg=  2.47221E+01 ReVolRMS=  5.38619E+02
 errorU,errorT:   1.7672796734568955E-002   3.8803785366555367E-003
 errorU,errorT:   1.5023119786298713E-002   4.1895036338944810E-003
 errorU,errorT:   1.2449598043414736E-002   4.4209191421248004E-003
 errorU,errorT:   1.0285836968125996E-002   4.5675987760936398E-003
 errorU,errorT:   9.0387504374774934E-003   4.6255845784334238E-003
 errorU,errorT:   9.1667199274143834E-003   4.5937266108218560E-003
 errorU,errorT:   1.0573034791410160E-002   4.4734715804356081E-003
 errorU,errorT:   1.2717950187914719E-002   4.2688196410012010E-003
 errorU,errorT:   1.5123203729573095E-002   3.9863494087356115E-003
 errorU,errorT:   1.7492781158498838E-002   3.6353614641656614E-003
 errorU,errorT:   1.9647597745785624E-002   3.2284179549592010E-003
 errorU,errorT:   2.1472333354949205E-002   2.7825177516357727E-003
 errorU,errorT:   2.2889946903555194E-002   2.3220697109767557E-003
 errorU,errorT:   2.3850717085933778E-002   1.8857632765139135E-003
 errorU,errorT:   2.4327444648891462E-002   1.5400046758031875E-003
 errorU,errorT:   2.4312916008467356E-002   1.3845643822174925E-003
 errorU,errorT:   2.3818079835929366E-002   1.4854116379991508E-003
 errorU,errorT:   2.2870248466792538E-002   1.7859588079353530E-003
 errorU,errorT:   2.1511407663643529E-002   2.1811133612813249E-003
 errorU,errorT:   1.9797033778436200E-002   2.5982905886406914E-003
 errorU,errorT:   1.7796304928940118E-002   2.9964330388521864E-003
 errorU,errorT:   1.5595298680096835E-002   3.3510988287685476E-003
 errorU,errorT:   1.3306401158697851E-002   3.6463953559278568E-003
 errorU,errorT:   1.1090134888763096E-002   3.8714985165756734E-003
 errorU,errorT:   9.1970368306855226E-003   4.0191651059105077E-003
 errorU,errorT:   8.0051899234616902E-003   4.0850797275813564E-003
 errorU,errorT:   7.8925229140001663E-003   4.0675988339878887E-003
 errorU,errorT:   8.8645359217786584E-003   3.9676150538069102E-003
 errorU,errorT:   1.0532725704825453E-002   3.7885602535169668E-003
 errorU,errorT:   1.2494866903145321E-002   3.5364586586579590E-003
 errorU,errorT:   1.4486865300470260E-002   3.2201154148374378E-003
 errorU,errorT:   1.6346436390899798E-002   2.8516143374933134E-003
 errorU,errorT:   1.7967364556550128E-002   2.4474222604519381E-003
 errorU,errorT:   1.9275306597950299E-002   2.0311700331367461E-003
 errorU,errorT:   2.0217275416449621E-002   1.6401063796378464E-003
 errorU,errorT:   2.0757609256696653E-002   1.3374322879469837E-003
 errorU,errorT:   2.0876871237891299E-002   1.2140699834762908E-003
 errorU,errorT:   2.0571985727064927E-002   1.3192028113373424E-003
 errorU,errorT:   1.9856781382289496E-002   1.5898910599404495E-003
 errorU,errorT:   1.8762706578357942E-002   1.9313019579240715E-003
 errorU,errorT:   1.7339899945264473E-002   2.2817930436242178E-003
 errorU,errorT:   1.5659390447880048E-002   2.6074942119413188E-003
 errorU,errorT:   1.3817966458551231E-002   2.8890367920939787E-003
 errorU,errorT:   1.1948422316015716E-002   3.1147771478079573E-003
t_ff=   130.00011 NuVolAvg=  2.46762E+01 ReVolRMS=  5.31734E+02
 errorU,errorT:   1.0237272060055329E-002   3.2778526585945304E-003
 errorU,errorT:   8.9404893698207030E-003   3.3748334151746731E-003
 errorU,errorT:   8.3428714662776449E-003   3.4050400181405457E-003
 errorU,errorT:   8.5886959474749357E-003   3.3701500318393572E-003
 errorU,errorT:   9.5381425038333009E-003   3.2739248464617801E-003
 errorU,errorT:   1.0891933987808963E-002   3.1220451393142064E-003
 errorU,errorT:   1.2382184253583730E-002   2.9220231961749523E-003
 errorU,errorT:   1.3826759571558463E-002   2.6832737129671999E-003
 errorU,errorT:   1.5110989845595928E-002   2.4174293789259354E-003
 errorU,errorT:   1.6164122978086313E-002   2.1390603692729086E-003
 errorU,errorT:   1.6944276560333565E-002   1.8670400661071819E-003
 errorU,errorT:   1.7429917835372382E-002   1.6264353152765068E-003
 errorU,errorT:   1.7614796454678588E-002   1.4491810371310625E-003
 errorU,errorT:   1.7504648739676196E-002   1.3676765889877093E-003
 errorU,errorT:   1.7114836728246027E-002   1.3968695691152758E-003
 errorU,errorT:   1.6468551701998874E-002   1.5211242960437451E-003
 errorU,errorT:   1.5595569015308100E-002   1.7060026000321770E-003
 errorU,errorT:   1.4531617438280742E-002   1.9179841482682165E-003
 errorU,errorT:   1.3318661413378225E-002   2.1322946647650228E-003
 errorU,errorT:   1.2006559890551619E-002   2.3321380628626904E-003
 errorU,errorT:   1.0656850357044768E-002   2.5062079031263097E-003
 errorU,errorT:   9.3495893487471875E-003   2.6468121201630641E-003
 errorU,errorT:   8.1929696854425530E-003   2.7487241707850186E-003
 errorU,errorT:   7.3286780725076465E-003   2.8085379905827094E-003
 errorU,errorT:   6.9088433057123639E-003   2.8243084889210189E-003
 errorU,errorT:   7.0207925210883475E-003   2.7953534977535094E-003
 errorU,errorT:   7.6171891074667498E-003   2.7221824580049145E-003
 errorU,errorT:   8.5501749806509379E-003   2.6064783826716194E-003
 errorU,errorT:   9.6596731622707859E-003   2.4511827505353957E-003
 errorU,errorT:   1.0818383560518145E-002   2.2606755589456894E-003
 errorU,errorT:   1.1933769980794363E-002   2.0411358496488920E-003
 errorU,errorT:   1.2938200625462287E-002   1.8012734018343671E-003
 errorU,errorT:   1.3780662068082044E-002   1.5537434501503237E-003
 errorU,errorT:   1.4421901273021462E-002   1.3178991124257902E-003
 errorU,errorT:   1.4832060809274095E-002   1.1239902446324873E-003
 errorU,errorT:   1.4989794046607522E-002   1.0140541947704679E-003
 errorU,errorT:   1.4882183090610620E-002   1.0233678444592743E-003
 errorU,errorT:   1.4505067182646303E-002   1.1466734495340961E-003
 errorU,errorT:   1.3863593651626697E-002   1.3433245074657043E-003
 errorU,errorT:   1.2972986840304401E-002   1.5717468868013053E-003
 errorU,errorT:   1.1859777168230478E-002   1.8029999372841542E-003
 errorU,errorT:   1.0564163551287134E-002   2.0182921659893786E-003
 errorU,errorT:   9.1450794088962402E-003   2.2049806284377320E-003
 errorU,errorT:   7.6915255493748705E-003   2.3541995764022531E-003
t_ff=   140.00022 NuVolAvg=  2.61194E+01 ReVolRMS=  5.34450E+02
 errorU,errorT:   6.3467666728548797E-003   2.4597101827534694E-003
 errorU,errorT:   5.3457892951877641E-003   2.5173589428412377E-003
 errorU,errorT:   4.9951799297552595E-003   2.5248333614629544E-003
 errorU,errorT:   5.4353723060244245E-003   2.4815627429271348E-003
 errorU,errorT:   6.4583685855549005E-003   2.3886678404928248E-003
 errorU,errorT:   7.7521259642486032E-003   2.2489726164249177E-003
 errorU,errorT:   9.0972173746085259E-003   2.0670618474332020E-003
 errorU,errorT:   1.0362386354414329E-002   1.8494794133081351E-003
 errorU,errorT:   1.1466583764707893E-002   1.6052475863718538E-003
 errorU,errorT:   1.2357149299488406E-002   1.3471477398973382E-003
 errorU,errorT:   1.2999811921558036E-002   1.0948976916554806E-003
 errorU,errorT:   1.3374175163482877E-002   8.8207395717433224E-004
 errorU,errorT:   1.3471501122159477E-002   7.6323091086434385E-004
 errorU,errorT:   1.3293419272850377E-002   7.8776177331817501E-004
 errorU,errorT:   1.2851003515124733E-002   9.3746535117636615E-004
 errorU,errorT:   1.2164047185346735E-002   1.1507565193722830E-003
 errorU,errorT:   1.1260632897958051E-002   1.3811851437673128E-003
 errorU,errorT:   1.0177321046445576E-002   1.6028595010648293E-003
 errorU,errorT:   8.9606987656084183E-003   1.8010331662997091E-003
 errorU,errorT:   7.6718670103342150E-003   1.9665842203945797E-003
 errorU,errorT:   6.3971883384651377E-003   2.0936115507344958E-003
 errorU,errorT:   5.2704439961014805E-003   2.1783979481661097E-003
 errorU,errorT:   4.4999487504442980E-003   2.2189262954617020E-003
 errorU,errorT:   4.3218290235640692E-003   2.2146347759203410E-003
 errorU,errorT:   4.7861283779736521E-003   2.1662808326855135E-003
 errorU,errorT:   5.6848532088385828E-003   2.0758599901987218E-003
 errorU,errorT:   6.7743999312188932E-003   1.9465809013577055E-003
 errorU,errorT:   7.8932961662191679E-003   1.7829016510743925E-003
 errorU,errorT:   8.9455292709715202E-003   1.5907079292213544E-003
 errorU,errorT:   9.8710364774866177E-003   1.3777814541121502E-003
 errorU,errorT:   1.0629523901540438E-002   1.1549459668188911E-003
 errorU,errorT:   1.1193019795799663E-002   9.3882493040050555E-004
 errorU,errorT:   1.1542591880281051E-002   7.5772117291121653E-004
 errorU,errorT:   1.1666956804752502E-002   6.5736150069813906E-004
 errorU,errorT:   1.1561975221344663E-002   6.7858744984380535E-004
 errorU,errorT:   1.1230574651503311E-002   8.0584667172750807E-004
 errorU,errorT:   1.0682924277434419E-002   9.8753755304295944E-004
 errorU,errorT:   9.9368713831390204E-003   1.1844581490826111E-003
 errorU,errorT:   9.0188616205619312E-003   1.3745278469572189E-003
 errorU,errorT:   7.9659464302408219E-003   1.5450080145543328E-003
 errorU,errorT:   6.8303149068282805E-003   1.6878742571581993E-003
 errorU,errorT:   5.6895839061917785E-003   1.7978027831058699E-003
 errorU,errorT:   4.6683825282409930E-003   1.8713201103601328E-003
 errorU,errorT:   3.9668107319684072E-003   1.9064256813848338E-003
 errorU,errorT:   3.8171508784275196E-003   1.9024192617979792E-003
t_ff=   150.00011 NuVolAvg=  2.68879E+01 ReVolRMS=  5.32359E+02
 errorU,errorT:   4.2664568911055809E-003   1.8598140430793907E-003
 errorU,errorT:   5.1071592434740482E-003   1.7802944554143442E-003
 errorU,errorT:   6.1052216002049926E-003   1.6667125169218943E-003
 errorU,errorT:   7.1096834672476020E-003   1.5231351427059045E-003
 errorU,errorT:   8.0322101048108819E-003   1.3550154166809506E-003
 errorU,errorT:   8.8188053322085409E-003   1.1696345048585871E-003
 errorU,errorT:   9.4351196452229433E-003   9.7719143472980150E-004
 errorU,errorT:   9.8597711031850575E-003   7.9338910899631916E-004
 errorU,errorT:   1.0081230618022498E-002   6.4461751768754615E-004
 errorU,errorT:   1.0096205178997198E-002   5.7094612748574052E-004
 errorU,errorT:   9.9086620639697882E-003   6.0162687723147210E-004
 errorU,errorT:   9.5291446949342575E-003   7.1636664491799137E-004
 errorU,errorT:   8.9742909468908828E-003   8.7139585162358693E-004
 errorU,errorT:   8.2666267884132730E-003   1.0355145599027535E-003
 errorU,errorT:   7.4348787134816156E-003   1.1912458083739666E-003
 errorU,errorT:   6.5153623530644191E-003   1.3285456437989978E-003
 errorU,errorT:   5.5556447296786294E-003   1.4412461125858302E-003
 errorU,errorT:   4.6229052019080043E-003   1.5254879040804824E-003
 errorU,errorT:   3.8200134216752513E-003   1.5790315341779376E-003
 errorU,errorT:   3.3002548936302049E-003   1.6009287719370498E-003
 errorU,errorT:   3.2181257357675338E-003   1.5913510822018267E-003
 errorU,errorT:   3.5788860056314817E-003   1.5514818322853112E-003
 errorU,errorT:   4.2231031261835052E-003   1.4834467637579532E-003
 errorU,errorT:   4.9832955821840419E-003   1.3902783909515272E-003
 errorU,errorT:   5.7509715444156824E-003   1.2759278217827673E-003
 errorU,errorT:   6.4623833011206869E-003   1.1453799315054160E-003
 errorU,errorT:   7.0788843858388814E-003   1.0049591791900471E-003
 errorU,errorT:   7.5761356004255091E-003   8.6301498860498677E-004
 errorU,errorT:   7.9389358486340444E-003   7.3122518161696979E-004
 errorU,errorT:   8.1587246841455831E-003   6.2629727534406585E-004
 errorU,errorT:   8.2323076118936481E-003   5.6908133940552412E-004
 errorU,errorT:   8.1611520383882974E-003   5.7410665000458261E-004
 errorU,errorT:   7.9509834246037359E-003   6.3540292136552367E-004
 errorU,errorT:   7.6115812883051940E-003   7.3180880259132958E-004
 errorU,errorT:   7.1567876450876512E-003   8.4289357412102063E-004
 errorU,errorT:   6.6048394500914402E-003   9.5470552478565994E-004
 errorU,errorT:   5.9792527655383480E-003   1.0584708379238990E-003
 errorU,errorT:   5.3107016378132433E-003   1.1485834980838954E-003
 errorU,errorT:   4.6405599193370516E-003   1.2213458021700272E-003
 errorU,errorT:   4.0265635176997402E-003   1.2742966031812459E-003
 errorU,errorT:   3.5479574975358758E-003   1.3058625836601149E-003
 errorU,errorT:   3.2964585870316385E-003   1.3151810033564097E-003
 errorU,errorT:   3.3320350277570130E-003   1.3020116482719832E-003
 errorU,errorT:   3.6322433336706838E-003   1.2667053799926477E-003
t_ff=   160.00022 NuVolAvg=  2.81586E+01 ReVolRMS=  5.35010E+02
 errorU,errorT:   4.1098204473697837E-003   1.2102117160424680E-003
 errorU,errorT:   4.6712842289655821E-003   1.1341245789820049E-003
 errorU,errorT:   5.2454148705542792E-003   1.0407845108182535E-003
 errorU,errorT:   5.7830223130934475E-003   9.3347612117304667E-004
 errorU,errorT:   6.2501926466243191E-003   8.1682683730228793E-004
 errorU,errorT:   6.6231357152007229E-003   6.9761363416256841E-004
 errorU,errorT:   6.8852233336182869E-003   5.8632968962239599E-004
 errorU,errorT:   7.0254308715752617E-003   4.9945198942547529E-004
 errorU,errorT:   7.0375476484831404E-003   4.5873815358767511E-004
 errorU,errorT:   6.9197877011706122E-003   4.7826353381059695E-004
 errorU,errorT:   6.6746175553551593E-003   5.4891481575910942E-004
 errorU,errorT:   6.3087331371081681E-003   6.4832246730386781E-004
 errorU,errorT:   5.8332155149011201E-003   7.5750451622895161E-004
 errorU,errorT:   5.2640227317571585E-003   8.6414683136116252E-004
 errorU,errorT:   4.6232138209717872E-003   9.6042271367589719E-004
 errorU,errorT:   3.9418424923290873E-003   1.0411242584983285E-003
 errorU,errorT:   3.2666253967154860E-003   1.1026813561314478E-003
 errorU,errorT:   2.6738936841801154E-003   1.1426947514381434E-003
 errorU,errorT:   2.2865743210941270E-003   1.1597156705795838E-003
 errorU,errorT:   2.2396680964663941E-003   1.1531364870979426E-003
 errorU,errorT:   2.5435598277870728E-003   1.1231333014513636E-003
 errorU,errorT:   3.0659282056410202E-003   1.0706327944859319E-003
 errorU,errorT:   3.6729241857378346E-003   9.9729948816033713E-004
 errorU,errorT:   4.2810879408723143E-003   9.0555611565619097E-004
 errorU,errorT:   4.8415055944503660E-003   7.9867636844382808E-004
 errorU,errorT:   5.3236201153661795E-003   6.8106059355712710E-004
 errorU,errorT:   5.7072095407419577E-003   5.5897422349855067E-004
 errorU,errorT:   5.9788250016158959E-003   4.4249004244921003E-004
 errorU,errorT:   6.1301966657799252E-003   3.4996028145377269E-004
 errorU,errorT:   6.1574891162831363E-003   3.1128313730427356E-004
 errorU,errorT:   6.0609307159549004E-003   3.4504865597859727E-004
 errorU,errorT:   5.8446189981920284E-003   4.2972703779862347E-004
 errorU,errorT:   5.5164428093022492E-003   5.3450439230695926E-004
 errorU,errorT:   5.0881554219151439E-003   6.4129355008138780E-004
 errorU,errorT:   4.5757496347260656E-003   7.4073116557041654E-004
 errorU,errorT:   4.0005101234063300E-003   8.2747787157512508E-004
 errorU,errorT:   3.3916241742848394E-003   8.9818430583723304E-004
 errorU,errorT:   2.7923571450465135E-003   9.5068490040710839E-004
 errorU,errorT:   2.2731013587393269E-003   9.8366015591001203E-004
 errorU,errorT:   1.9463503798372943E-003   9.9648155399820171E-004
 errorU,errorT:   1.9288636421020613E-003   9.8913117423095527E-004
 errorU,errorT:   2.2147863440018416E-003   9.6215641889361070E-004
 errorU,errorT:   2.6787409547579378E-003   9.1664335197002113E-004
 errorU,errorT:   3.2054262871231603E-003   8.5421108452583827E-004
t_ff=   170.00011 NuVolAvg=  2.89770E+01 ReVolRMS=  5.35681E+02
 errorU,errorT:   3.7257891637647641E-003   7.7704007786140201E-004
 errorU,errorT:   4.2001223312345647E-003   6.8797023032918713E-004
 errorU,errorT:   4.6040105780283799E-003   5.9075862918846255E-004
 errorU,errorT:   4.9216235987221274E-003   4.9071165305192743E-004
 errorU,errorT:   5.1427334094440915E-003   3.9619367738248840E-004
 errorU,errorT:   5.2613428401466567E-003   3.2163632949026502E-004
 errorU,errorT:   5.2750103296316077E-003   2.8882007232970203E-004
 errorU,errorT:   5.1844888363669038E-003   3.1158488112774130E-004
 errorU,errorT:   4.9935245921861387E-003   3.7650355952644003E-004
 errorU,errorT:   4.7087687291688853E-003   4.6055034744954976E-004
 errorU,errorT:   4.3398293156325183E-003   5.4836995455031948E-004
 errorU,errorT:   3.8995820986089500E-003   6.3143092386027625E-004
 errorU,errorT:   3.4050384424828047E-003   7.0470024047396068E-004
 errorU,errorT:   2.8794976415984033E-003   7.6493397715732747E-004
 errorU,errorT:   2.3577413814118721E-003   8.0995181846608283E-004
 errorU,errorT:   1.8977208863202998E-003   8.3833106496658972E-004
 errorU,errorT:   1.5972446110664651E-003   8.4927370599116776E-004
 errorU,errorT:   1.5680085889952277E-003   8.4254714712147431E-004
 errorU,errorT:   1.8134803007208930E-003   8.1845832612974971E-004
 errorU,errorT:   2.2193913853851936E-003   7.7784397588921163E-004
 errorU,errorT:   2.6804539733224593E-003   7.2207695222555968E-004
 errorU,errorT:   3.1352561133126469E-003   6.5309980514031605E-004
 errorU,errorT:   3.5489491445335223E-003   5.7352217162204646E-004
 errorU,errorT:   3.9000212797728837E-003   4.8687530241440873E-004
 errorU,errorT:   4.1743613025079611E-003   3.9826292883031076E-004
 errorU,errorT:   4.3627790555947734E-003   3.1599341248383890E-004
 errorU,errorT:   4.4599570708907729E-003   2.5484977613225306E-004
 errorU,errorT:   4.4639968479282671E-003   2.3602647759022710E-004
 errorU,errorT:   4.3762190631958832E-003   2.6732678443110511E-004
 errorU,errorT:   4.2010837897446278E-003   3.3049185892773626E-004
 errorU,errorT:   3.9462027201807920E-003   4.0504505316784028E-004
 errorU,errorT:   3.6224912598710550E-003   4.7922529680460721E-004
 errorU,errorT:   3.2446170967392416E-003   5.4678953525242463E-004
 errorU,errorT:   2.8320909245617885E-003   6.0414340743654752E-004
 errorU,errorT:   2.4116905040512926E-003   6.4909133368108761E-004
 errorU,errorT:   2.0222448014508647E-003   6.8032566585344114E-004
 errorU,errorT:   1.7209872698858123E-003   6.9720378390436500E-004
 errorU,errorT:   1.5785079872822905E-003   6.9963822895665868E-004
 errorU,errorT:   1.6348192270755535E-003   6.8803357756038450E-004
 errorU,errorT:   1.8541123384264399E-003   6.6324537728702380E-004
 errorU,errorT:   2.1610135712308112E-003   6.2655412977585790E-004
 errorU,errorT:   2.4933435379265638E-003   5.7965938774670774E-004
 errorU,errorT:   2.8118884269973114E-003   5.2470953828844013E-004
 errorU,errorT:   3.0930610217490065E-003   4.6440172403864211E-004
 errorU,errorT:   3.3225554990531842E-003   4.0221484890307860E-004
t_ff=   180.00022 NuVolAvg=  2.97184E+01 ReVolRMS=  5.37222E+02
 errorU,errorT:   3.4918633652368984E-003   3.4286706049271214E-004
 errorU,errorT:   3.5964740836843360E-003   2.9298414940899238E-004
 errorU,errorT:   3.6348997366580033E-003   2.6116655758301444E-004
 errorU,errorT:   3.6080969407335808E-003   2.5489567319993378E-004
 errorU,errorT:   3.5190950433731339E-003   2.7429959826293299E-004
 errorU,errorT:   3.3727549762172879E-003   3.1159208220036259E-004
 errorU,errorT:   3.1756449404121314E-003   3.5748744474290860E-004
 errorU,errorT:   2.9360633229398090E-003   4.0511162037338801E-004
 errorU,errorT:   2.6642885733738270E-003   4.5006543676819028E-004
 errorU,errorT:   2.3732072103527565E-003   4.8957544607410746E-004
 errorU,errorT:   2.0795599132440142E-003   5.2186285664754316E-004
 errorU,errorT:   1.8060089723395539E-003   5.4578648376541882E-004
 errorU,errorT:   1.5833460070551148E-003   5.6065093459009671E-004
 errorU,errorT:   1.4486252341982906E-003   5.6610240055499257E-004
 errorU,errorT:   1.4308057827971329E-003   5.6207169862905427E-004
 errorU,errorT:   1.5288016502881816E-003   5.4874478229087584E-004
 errorU,errorT:   1.7111277405672729E-003   5.2655204901292708E-004
 errorU,errorT:   1.9383910478611593E-003   4.9617479680319932E-004
 errorU,errorT:   2.1787199880189184E-003   4.5857237088335455E-004
 errorU,errorT:   2.4097646947377426E-003   4.1504357400604092E-004
 errorU,errorT:   2.6161568218048088E-003   3.6735112300487552E-004
 errorU,errorT:   2.7871294279263673E-003   3.1796860548937106E-004
 errorU,errorT:   2.9150544968779279E-003   2.7054987678667796E-004
 errorU,errorT:   2.9946524979493527E-003   2.3065527048591992E-004
 errorU,errorT:   3.0225952856892599E-003   2.0601540493251833E-004
 errorU,errorT:   2.9973254903435977E-003   2.0366189057826600E-004
 errorU,errorT:   2.9189978029333435E-003   2.2371818405975336E-004
 errorU,errorT:   2.7894989250024445E-003   2.5902317811903362E-004
 errorU,errorT:   2.6125404664336009E-003   3.0136823063297376E-004
 errorU,errorT:   2.3938629051767466E-003   3.4479541332790576E-004
 errorU,errorT:   2.1416570410040985E-003   3.8542869458729420E-004
 errorU,errorT:   1.8674498359235792E-003   4.2070514434638787E-004
 errorU,errorT:   1.5879722738173056E-003   4.4887254918840434E-004
 errorU,errorT:   1.3288488088853004E-003   4.6873146818647809E-004
 errorU,errorT:   1.1297844668789931E-003   4.7951038860938772E-004
 errorU,errorT:   1.0416027190972179E-003   4.8080610960420962E-004
 errorU,errorT:   1.0932958133425951E-003   4.7255503369040517E-004
 errorU,errorT:   1.2584383253708192E-003   4.5502009667069721E-004
 errorU,errorT:   1.4836359764724791E-003   4.2878835971269077E-004
 errorU,errorT:   1.7259703722828537E-003   3.9478174205023270E-004
 errorU,errorT:   1.9583628774678947E-003   3.5429457415398641E-004
 errorU,errorT:   2.1640204826373923E-003   3.0909087368227538E-004
 errorU,errorT:   2.3321582440780178E-003   2.6163899838477873E-004
 errorU,errorT:   2.4557925201608632E-003   2.1564993241698726E-004
t_ff=   190.00011 NuVolAvg=  3.01520E+01 ReVolRMS=  5.37972E+02
 errorU,errorT:   2.5306742519315825E-003   1.7712782547360875E-004
 errorU,errorT:   2.5547579293288209E-003   1.5513851881096335E-004
 errorU,errorT:   2.5279170141606537E-003   1.5759503436244487E-004
 errorU,errorT:   2.4517788251944657E-003   1.8214711776393358E-004
 errorU,errorT:   2.3296325242994965E-003   2.1889227826359954E-004
 errorU,errorT:   2.1664127617125320E-003   2.5947202469653140E-004
 errorU,errorT:   1.9688084654831180E-003   2.9888783809908754E-004
 errorU,errorT:   1.7456194386606049E-003   3.3422328929366842E-004
 errorU,errorT:   1.5086244315897432E-003   3.6367986516701453E-004
 errorU,errorT:   1.2744696086406332E-003   3.8611249929511543E-004
 errorU,errorT:   1.0681633743692056E-003   4.0081729721614778E-004
 errorU,errorT:   9.2638939737698571E-004   4.0743011491600333E-004
 errorU,errorT:   8.8847088767890091E-004   4.0587428647064958E-004
 errorU,errorT:   9.6379085159618264E-004   3.9633135197871422E-004
 errorU,errorT:   1.1195158950303716E-003   3.7922495177840273E-004
 errorU,errorT:   1.3130674729942423E-003   3.5521611792138673E-004
 errorU,errorT:   1.5138138426591637E-003   3.2521455052881930E-004
 errorU,errorT:   1.7027584370890626E-003   2.9041992294514640E-004
 errorU,errorT:   1.8679864157429746E-003   2.5242531155864767E-004
 errorU,errorT:   2.0017184669577429E-003   2.1345416882252618E-004
 errorU,errorT:   2.0988215560257648E-003   1.7686395298129173E-004
 errorU,errorT:   2.1560884958037687E-003   1.4797108289081582E-004
 errorU,errorT:   2.1718893619266716E-003   1.3404828162262073E-004
 errorU,errorT:   2.1460056338030564E-003   1.3988387351990497E-004
 errorU,errorT:   2.0795631031715668E-003   1.6207291923788707E-004
 errorU,errorT:   1.9750327155965181E-003   1.9288582939552145E-004
 errorU,errorT:   1.8363050747242195E-003   2.2618622236740923E-004
 errorU,errorT:   1.6688847853142848E-003   2.5821532982132353E-004
 errorU,errorT:   1.4803176211666414E-003   2.8668413650958336E-004
 errorU,errorT:   1.2810913189078082E-003   3.1012142420669972E-004
 errorU,errorT:   1.0864395567204144E-003   3.2755422615270922E-004
 errorU,errorT:   9.1933593718862420E-004   3.3836123070404275E-004
 errorU,errorT:   8.1212031534786094E-004   3.4220526546349910E-004
 errorU,errorT:   7.9544336172673294E-004   3.3900185217072029E-004
 errorU,errorT:   8.7111857913736452E-004   3.2890490533829064E-004
 errorU,errorT:   1.0087802735818860E-003   3.1230242799341142E-004
 errorU,errorT:   1.1733462962644037E-003   2.8982193388688287E-004
 errorU,errorT:   1.3398153119688978E-003   2.6235234763375358E-004
 errorU,errorT:   1.4923786592307591E-003   2.3110071903974041E-004
 errorU,errorT:   1.6209794047699817E-003   1.9772640282724637E-004
 errorU,errorT:   1.7191209744288631E-003   1.6464453429577568E-004
 errorU,errorT:   1.7827481469254902E-003   1.3563149147228368E-004
 errorU,errorT:   1.8096932515317306E-003   1.1646610787142899E-004
 errorU,errorT:   1.7993928754508380E-003   1.1323349138670915E-004
t_ff=   200.00022 NuVolAvg=  3.04059E+01 ReVolRMS=  5.38325E+02
 errorU,errorT:   1.7527349259799274E-003   1.2639026690961685E-004
 errorU,errorT:   1.6719778029587657E-003   1.4986782355688358E-004
 errorU,errorT:   1.5607303223773496E-003   1.7725571701432229E-004
 errorU,errorT:   1.4240195343265790E-003   2.0443223468792529E-004
 errorU,errorT:   1.2685245408361834E-003   2.2898488663558979E-004
 errorU,errorT:   1.1031397434184569E-003   2.4946239611402341E-004
 errorU,errorT:   9.4014926054508663E-004   2.6497801464004988E-004
 errorU,errorT:   7.9720123158401335E-004   2.7502434021775497E-004
 errorU,errorT:   6.9857125515842319E-004   2.7938476239880878E-004
 errorU,errorT:   6.6862887731080093E-004   2.7808735290495292E-004
 errorU,errorT:   7.1287210079401140E-004   2.7137805770109977E-004
 errorU,errorT:   8.1093662649575496E-004   2.5970404197417612E-004
 errorU,errorT:   9.3504285017234948E-004   2.4370528186238921E-004
 errorU,errorT:   1.0641339794718950E-003   2.2421715106673028E-004
 errorU,errorT:   1.1848812842991724E-003   2.0229172600905987E-004
 errorU,errorT:   1.2891127203422889E-003   1.7925056151910852E-004
 errorU,errorT:   1.3718562802388543E-003   1.5678163338149121E-004
 errorU,errorT:   1.4302516969821840E-003   1.3705998221036781E-004
 errorU,errorT:   1.4629677251008933E-003   1.2272231593374094E-004
 errorU,errorT:   1.4698733894961669E-003   1.1624121276303375E-004
 errorU,errorT:   1.4518353440768146E-003   1.1851478761999880E-004
 errorU,errorT:   1.4105831643601598E-003   1.2805243350285482E-004
 errorU,errorT:   1.3486208591430545E-003   1.4202683225017528E-004
 errorU,errorT:   1.2691825553511620E-003   1.5776270842145955E-004
 errorU,errorT:   1.1762445090787263E-003   1.7330624742036943E-004
 errorU,errorT:   1.0746154454150249E-003   1.8736218943030185E-004
 errorU,errorT:   9.7012860931346048E-004   1.9910049606815423E-004
 errorU,errorT:   8.6992273694909612E-004   2.0800432159617501E-004
 errorU,errorT:   7.8264334993297037E-004   2.1377312168694633E-004
 errorU,errorT:   7.1800079716267766E-004   2.1626372935164181E-004
 errorU,errorT:   6.8469893673579751E-004   2.1545482153943857E-004
 errorU,errorT:   6.8666414133002149E-004   2.1142625421430403E-004
 errorU,errorT:   7.2047545876583537E-004   2.0434903957417832E-004
 errorU,errorT:   7.7710173022966188E-004   1.9448448137466821E-004
 errorU,errorT:   8.4604521760867145E-004   1.8219289436838306E-004
 errorU,errorT:   9.1815293335991029E-004   1.6795462470540752E-004
 errorU,errorT:   9.8637182113760929E-004   1.5240872243186724E-004
 errorU,errorT:   1.0455124083870414E-003   1.3641697789490247E-004
 errorU,errorT:   1.0918256412553702E-003   1.2115648160580412E-004
 errorU,errorT:   1.1226688894678284E-003   1.0820671540418812E-004
 errorU,errorT:   1.1362957527289116E-003   9.9474915477590481E-005
 errorU,errorT:   1.1317418069108484E-003   9.6651358945872788E-005
 errorU,errorT:   1.1087759530622502E-003   1.0023064106070544E-004
 errorU,errorT:   1.0678982842220956E-003   1.0909431812512568E-004
 errorU,errorT:   1.0103786364587806E-003   1.2124374511675854E-004
t_ff=   210.00011 NuVolAvg=  3.04943E+01 ReVolRMS=  5.38376E+02
 errorU,errorT:   9.3834514390096215E-004   1.3472326114349239E-004
 errorU,errorT:   8.5495246655970620E-004   1.4799442168426396E-004
 errorU,errorT:   7.6468764946678721E-004   1.5993227507278993E-004
 errorU,errorT:   6.7389334558606688E-004   1.6972985565034856E-004
 errorU,errorT:   5.9150126462928943E-004   1.7681895916286087E-004
 errorU,errorT:   5.2939191258416268E-004   1.8082129709872467E-004
 errorU,errorT:   5.0027074487811267E-004   1.8152162949272249E-004
 errorU,errorT:   5.1102021889761395E-004   1.7885407532025380E-004
 errorU,errorT:   5.5697503225775606E-004   1.7289632154485885E-004
 errorU,errorT:   6.2552609079579791E-004   1.6386978178480573E-004
 errorU,errorT:   7.0368512208971931E-004   1.5214677671244932E-004
 errorU,errorT:   7.8150630140538823E-004   1.3826964249641000E-004
 errorU,errorT:   8.5207339070457000E-004   1.2299221230524992E-004
 errorU,errorT:   9.1068999707761937E-004   1.0736113151100718E-004
 errorU,errorT:   9.5423624568558951E-004   9.2850529139955031E-005
 errorU,errorT:   9.8078013809822068E-004   8.1484608457506487E-005
 errorU,errorT:   9.8935799026400421E-004   7.5585913497949717E-005
 errorU,errorT:   9.7985012757527846E-004   7.6591013718760190E-005
 errorU,errorT:   9.5291016835946738E-004   8.3772774731343501E-005
 errorU,errorT:   9.0993004767128455E-004   9.4839835139612255E-005
 errorU,errorT:   8.5304005575690843E-004   1.0747435846890957E-004
 errorU,errorT:   7.8515818565337591E-004   1.1998410318131554E-004
 errorU,errorT:   7.1011790306309980E-004   1.3125043396642857E-004
 errorU,errorT:   6.3291202984376213E-004   1.4054871621152100E-004
 errorU,errorT:   5.6004910239987240E-004   1.4741950278918310E-004
 errorU,errorT:   4.9978053140545969E-004   1.5159394866527670E-004
 errorU,errorT:   4.6129689523304409E-004   1.5295192460142295E-004
 errorU,errorT:   4.5153844948469314E-004   1.5149780369508033E-004
 errorU,errorT:   4.7079120735442652E-004   1.4734605640345167E-004
 errorU,errorT:   5.1218729065710070E-004   1.4071342196168005E-004
 errorU,errorT:   5.6602428741482408E-004   1.3191740187941793E-004
 errorU,errorT:   6.2367043899140746E-004   1.2138327632609039E-004
 errorU,errorT:   6.7873467412426895E-004   1.0966457427976693E-004
 errorU,errorT:   7.2679282688042999E-004   9.7484611140635525E-005
 errorU,errorT:   7.6486456293503981E-004   8.5804566135769687E-005
 errorU,errorT:   7.9101203892894157E-004   7.5894529307677931E-005
 errorU,errorT:   8.0408514463843476E-004   6.9276600069829647E-005
 errorU,errorT:   8.0356979793689957E-004   6.7263684286357446E-005
 errorU,errorT:   7.8950224093798135E-004   7.0136675872037638E-005
 errorU,errorT:   7.6242834316976528E-004   7.6878178954101881E-005
 errorU,errorT:   7.2340042049617804E-004   8.5880099568692929E-005
 errorU,errorT:   6.7401591886316094E-004   9.5680180011617732E-005
 errorU,errorT:   6.1651577130481330E-004   1.0519028982649465E-004
 errorU,errorT:   5.5397741620386628E-004   1.1364734963219511E-004
t_ff=   220.00022 NuVolAvg=  3.04873E+01 ReVolRMS=  5.38045E+02
 errorU,errorT:   4.9065044263847961E-004   1.2052085182672755E-004
 errorU,errorT:   4.3243410101805285E-004   1.2544587532684114E-004
 errorU,errorT:   3.8717182438428670E-004   1.2818379557721950E-004
 errorU,errorT:   3.6354009840273223E-004   1.2860136544145533E-004
 errorU,errorT:   3.6706469873786288E-004   1.2666084286825033E-004
 errorU,errorT:   3.9590211579378250E-004   1.2241702099600243E-004
 errorU,errorT:   4.4216001802858056E-004   1.1601961554785681E-004
 errorU,errorT:   4.9683302278016829E-004   1.0772175472076235E-004
 errorU,errorT:   5.5264245022567000E-004   9.7898196173084657E-005
 errorU,errorT:   6.0435283755427675E-004   8.7081194926988168E-005
 errorU,errorT:   6.4829914122084434E-004   7.6027288074536077E-005
 errorU,errorT:   6.8194640280716404E-004   6.5824545484875448E-005
 errorU,errorT:   7.0361667925572980E-004   5.7983794264469730E-005
 errorU,errorT:   7.1234095787055674E-004   5.4218677472270552E-005
 errorU,errorT:   7.0778525858146305E-004   5.5508267076957620E-005
 errorU,errorT:   6.9021937923819808E-004   6.1196524359560846E-005
 errorU,errorT:   6.6051398622438574E-004   6.9550074473981002E-005
 errorU,errorT:   6.2016478410200347E-004   7.8878747272708555E-005
 errorU,errorT:   5.7135442354432509E-004   8.7954618317815424E-005
 errorU,errorT:   5.1707424304612724E-004   9.5955056687019037E-005
 errorU,errorT:   4.6132994020609930E-004   1.0233592002184221E-004
 errorU,errorT:   4.0940272149440416E-004   1.0674570785485281E-004
 errorU,errorT:   3.6789463640089955E-004   1.0897805027783432E-004
 errorU,errorT:   3.4373213480941702E-004   1.0894644226918091E-004
 errorU,errorT:   3.4127901500785043E-004   1.0667060944904022E-004
 errorU,errorT:   3.5930288287628671E-004   1.0226925233677708E-004
 errorU,errorT:   3.9163638464077014E-004   9.5957460490595718E-005
 errorU,errorT:   4.3077321151014112E-004   8.8049831739233487E-005
 errorU,errorT:   4.7040005607807740E-004   7.8973368784713275E-005
 errorU,errorT:   5.0596385330365875E-004   6.9298383359200097E-005
 errorU,errorT:   5.3440165109207207E-004   5.9798930859962773E-005
 errorU,errorT:   5.5377573920614123E-004   5.1539280922684219E-005
 errorU,errorT:   5.6300616786858471E-004   4.5881796719788169E-005
 errorU,errorT:   5.6169865019227981E-004   4.4081362653056003E-005
 errorU,errorT:   5.5003548371536175E-004   4.6375612346197961E-005
 errorU,errorT:   5.2870625112598642E-004   5.1696509350645836E-005
 errorU,errorT:   4.9886800618463361E-004   5.8534282315898543E-005
 errorU,errorT:   4.6213571145512373E-004   6.5672311435167237E-005
 errorU,errorT:   4.2061325472901541E-004   7.2305079634332487E-005
 errorU,errorT:   3.7698170719244466E-004   7.7930791224963038E-005
 errorU,errorT:   3.3465005650825459E-004   8.2248683218375567E-005
 errorU,errorT:   2.9789072105722942E-004   8.5095407036061145E-005
 errorU,errorT:   2.7162118056386041E-004   8.6408296278023386E-005
 errorU,errorT:   2.6016437575963474E-004   8.6203358898838560E-005
t_ff=   230.00011 NuVolAvg=  3.04334E+01 ReVolRMS=  5.37735E+02
 errorU,errorT:   2.6499427274834128E-004   8.4561126224793142E-005
 errorU,errorT:   2.8359981639613607E-004   8.1617135666479923E-005
 errorU,errorT:   3.1109282401688219E-004   7.7555891901229953E-005
 errorU,errorT:   3.4257477043969539E-004   7.2608363319197732E-005
 errorU,errorT:   3.7424138158284511E-004   6.7053785941851378E-005
 errorU,errorT:   4.0343271782064392E-004   6.1226583618016639E-005
 errorU,errorT:   4.2836456113865039E-004   5.5527506106592018E-005
 errorU,errorT:   4.4787370045131804E-004   5.0431489145367669E-005
 errorU,errorT:   4.6124109412717403E-004   4.6468904709474250E-005
 errorU,errorT:   4.6807991365749009E-004   4.4138692990295976E-005
 errorU,errorT:   4.6826766652748839E-004   4.3738305953583398E-005
 errorU,errorT:   4.6190805820619070E-004   4.5210046302045899E-005
 errorU,errorT:   4.4931459180588568E-004   4.8161383148244633E-005
 errorU,errorT:   4.3101241524076916E-004   5.2044360548620973E-005
 errorU,errorT:   4.0775825030642878E-004   5.6326428641157646E-005
 errorU,errorT:   3.8058093644800941E-004   6.0566268211520453E-005
 errorU,errorT:   3.5084683287219968E-004   6.4421329423672489E-005
 errorU,errorT:   3.2035107453932206E-004   6.7631628039782266E-005
 errorU,errorT:   2.9141521287150379E-004   7.0002416374422799E-005
 errorU,errorT:   2.6690609904185921E-004   7.1392097355723645E-005
 errorU,errorT:   2.4996248329795396E-004   7.1705520527197400E-005
 errorU,errorT:   2.4316844517896334E-004   7.0891363154178017E-005
 errorU,errorT:   2.4736590837012851E-004   6.8942452631629326E-005
 errorU,errorT:   2.6109562781290397E-004   6.5898442732689795E-005
 errorU,errorT:   2.8130453843911525E-004   6.1851023084302103E-005
 errorU,errorT:   3.0456202529940680E-004   5.6952917686640687E-005
 errorU,errorT:   3.2783976513718074E-004   5.1433530393963206E-005
 errorU,errorT:   3.4874375163581548E-004   4.5626203304585067E-005
 errorU,errorT:   3.6548210627759950E-004   4.0012065143078380E-005
 errorU,errorT:   3.7677316711875352E-004   3.5269472381425735E-005
 errorU,errorT:   3.8176778256690194E-004   3.2247394920769980E-005
 errorU,errorT:   3.7999833059697909E-004   3.1675000474801043E-005
 errorU,errorT:   3.7134995342358009E-004   3.3648803595924823E-005
 errorU,errorT:   3.5604895388388218E-004   3.7529755382243165E-005
 errorU,errorT:   3.3466776424529647E-004   4.2418761543244711E-005
 errorU,errorT:   3.0815275680520500E-004   4.7551147354195658E-005
 errorU,errorT:   2.7789110876564802E-004   5.2378855462883859E-005
 errorU,errorT:   2.4584592526434975E-004   5.6526084005917986E-005
 errorU,errorT:   2.1479090372028819E-004   5.9738735286255801E-005
 errorU,errorT:   1.8858671812725978E-004   6.1851854137605006E-005
 errorU,errorT:   1.7202808988253104E-004   6.2771308397302771E-005
 errorU,errorT:   1.6915866631311269E-004   6.2463775299878308E-005
 errorU,errorT:   1.8034594472721976E-004   6.0951323350546533E-005
 errorU,errorT:   2.0186720958507116E-004   5.8308899619833731E-005
 errorU,errorT:   2.2874117355769680E-004   5.4664499364175279E-005
t_ff=   240.00022 NuVolAvg=  3.03676E+01 ReVolRMS=  5.37287E+02
 errorU,errorT:   2.5688001482814768E-004   5.0203133101593807E-005
 errorU,errorT:   2.8344591710288903E-004   4.5177295811829565E-005
 errorU,errorT:   3.0655477559887154E-004   3.9928391010488136E-005
 errorU,errorT:   3.2497786419967965E-004   3.4922612508894653E-005
 errorU,errorT:   3.3795280486093130E-004   3.0787157261844858E-005
 errorU,errorT:   3.4507531026592669E-004   2.8265168214555042E-005
 errorU,errorT:   3.4623743382020767E-004   2.7932318299112565E-005
 errorU,errorT:   3.4159175691115336E-004   2.9775642290295665E-005
 errorU,errorT:   3.3153159661939829E-004   3.3187833296180497E-005
 errorU,errorT:   3.1668390811360922E-004   3.7400078424654386E-005
 errorU,errorT:   2.9791575459831563E-004   4.1786101228847607E-005
 errorU,errorT:   2.7635765256896932E-004   4.5908413147725160E-005
 errorU,errorT:   2.5344630515299716E-004   4.9472944466519177E-005
 errorU,errorT:   2.3097845902879502E-004   5.2283651373014277E-005
 errorU,errorT:   2.1113013189216081E-004   5.4213310401476038E-005
 errorU,errorT:   1.9631388999342178E-004   5.5186632096814238E-005
 errorU,errorT:   1.8868160607108921E-004   5.5170744415458694E-005
 errorU,errorT:   1.8929023348952551E-004   5.4169978520971671E-005
 errorU,errorT:   1.9751677776806286E-004   5.2223441271844902E-005
 errorU,errorT:   2.1135434964876653E-004   4.9404922111801870E-005
 errorU,errorT:   2.2828628515010290E-004   4.5825564656384424E-005
 errorU,errorT:   2.4597826160910406E-004   4.1640815647324558E-005
 errorU,errorT:   2.6254160439285595E-004   3.7064829615879517E-005
 errorU,errorT:   2.7653945625682644E-004   3.2397717660248843E-005
 errorU,errorT:   2.8691555923627876E-004   2.8070208098249736E-005
 errorU,errorT:   2.9292467985269542E-004   2.4686997244968133E-005
 errorU,errorT:   2.9408388883007822E-004   2.2958873667092488E-005
 errorU,errorT:   2.9014358238489820E-004   2.3345301637453304E-005
 errorU,errorT:   2.8107360276898193E-004   2.5650172182921400E-005
 errorU,errorT:   2.6706160960927183E-004   2.9186837834597058E-005
 errorU,errorT:   2.4852456684149602E-004   3.3245352542080202E-005
 errorU,errorT:   2.2614010098329405E-004   3.7295805793647445E-005
 errorU,errorT:   2.0091501640794848E-004   4.0975557172652979E-005
 errorU,errorT:   1.7432738582960668E-004   4.4036707494085916E-005
 errorU,errorT:   1.4860254588482854E-004   4.6309062790900721E-005
 errorU,errorT:   1.2713275823769357E-004   4.7679803876808390E-005
 errorU,errorT:   1.1454247685337660E-004   4.8083224421064726E-005
 errorU,errorT:   1.1474659568905799E-004   4.7495830908766242E-005
 errorU,errorT:   1.2734425112912484E-004   4.5934327807434318E-005
 errorU,errorT:   1.4796368340666029E-004   4.3455512798307083E-005
 errorU,errorT:   1.7196199786646504E-004   4.0158269271761671E-005
 errorU,errorT:   1.9605969733847578E-004   3.6189221171716035E-005
 errorU,errorT:   2.1814853251845063E-004   3.1755976418799476E-005
 errorU,errorT:   2.3686199287551495E-004   2.7156216702189710E-005
t_ff=   250.00011 NuVolAvg=  3.03133E+01 ReVolRMS=  5.36998E+02
 errorU,errorT:   2.5130900272060349E-004   2.2835697545119374E-005
 errorU,errorT:   2.6093881559304314E-004   1.9468918551101518E-005
 errorU,errorT:   2.6547514100862284E-004   1.7909654682642727E-005
 errorU,errorT:   2.6488378301816094E-004   1.8663533826002507E-005
 errorU,errorT:   2.5935679303029733E-004   2.1322950178845161E-005
 errorU,errorT:   2.4930624064128948E-004   2.4998565731800429E-005
 errorU,errorT:   2.3536636720868445E-004   2.8953812914266462E-005
 errorU,errorT:   2.1840655521879909E-004   3.2718934495740333E-005
 errorU,errorT:   1.9955956864566759E-004   3.6004878168085453E-005
 errorU,errorT:   1.8026641717343257E-004   3.8631178007562470E-005
 errorU,errorT:   1.6231846126164712E-004   4.0487549713454038E-005
 errorU,errorT:   1.4781263730657680E-004   4.1514788038619164E-005
 errorU,errorT:   1.3882843091036945E-004   4.1694842776236166E-005
 errorU,errorT:   1.3668698643100392E-004   4.1045141457826834E-005
 errorU,errorT:   1.4119947865569803E-004   3.9615017621817890E-005
 errorU,errorT:   1.5073118811338498E-004   3.7483520449765865E-005
 errorU,errorT:   1.6305304674526928E-004   3.4758744975223385E-005
 errorU,errorT:   1.7611385171249259E-004   3.1579590084045805E-005
 errorU,errorT:   1.8833480011313161E-004   2.8121796874604644E-005
 errorU,errorT:   1.9860331563707127E-004   2.4611127093845731E-005
 errorU,errorT:   2.0618116043224013E-004   2.1345526097728600E-005
 errorU,errorT:   2.1061673410466923E-004   1.8715434597711371E-005
 errorU,errorT:   2.1168011447490604E-004   1.7166362495517610E-005
 errorU,errorT:   2.0931797987808608E-004   1.7009350852021961E-005
 errorU,errorT:   2.0362294450383916E-004   1.8175421883056303E-005
 errorU,errorT:   1.9481384736147226E-004   2.0257708105513128E-005
 errorU,errorT:   1.8322615077111519E-004   2.2789190572185651E-005
 errorU,errorT:   1.6931434385665989E-004   2.5407786422064625E-005
 errorU,errorT:   1.5367163690259617E-004   2.7868765031281968E-005
 errorU,errorT:   1.3707685974699953E-004   3.0011539830898893E-005
 errorU,errorT:   1.2058256042390438E-004   3.1730502142511588E-005
 errorU,errorT:   1.0564702873918627E-004   3.2956748872967829E-005
 errorU,errorT:   9.4227702604866408E-005   3.3647615433194056E-005
 errorU,errorT:   8.8505770413121557E-005   3.3780906753465219E-005
 errorU,errorT:   8.9839396239934952E-005   3.3351958920334095E-005
 errorU,errorT:   9.7683384181078680E-005   3.2372571854298426E-005
 errorU,errorT:   1.1000808216260435E-004   3.0871427392090228E-005
 errorU,errorT:   1.2458538786087832E-004   2.8896057097445687E-005
 errorU,errorT:   1.3965552162257413E-004   2.6516955210446014E-005
 errorU,errorT:   1.5395919420059818E-004   2.3835294549076659E-005
 errorU,errorT:   1.6659935773946389E-004   2.0997138932557328E-005
 errorU,errorT:   1.7692630742062595E-004   1.8218507407021097E-005
 errorU,errorT:   1.8447030846356109E-004   1.5821272524128647E-005
 errorU,errorT:   1.8890763841221926E-004   1.4245057631237114E-005
t_ff=   260.00022 NuVolAvg=  3.02771E+01 ReVolRMS=  5.36708E+02
 errorU,errorT:   1.9004619999554923E-004   1.3915946147647600E-005
 errorU,errorT:   1.8782223795222762E-004   1.4934213424612328E-005
 errorU,errorT:   1.8230390837090983E-004   1.6971375211499610E-005
 errorU,errorT:   1.7370050831119266E-004   1.9551228919144240E-005
 errorU,errorT:   1.6237893997885018E-004   2.2281391861374274E-005
 errorU,errorT:   1.4889230357150102E-004   2.4887786478921438E-005
 errorU,errorT:   1.3402971185862795E-004   2.7182126458794118E-005
 errorU,errorT:   1.1889877467059494E-004   2.9032643034366730E-005
 errorU,errorT:   1.0503594703277125E-004   3.0347305978962513E-005
 errorU,errorT:   9.4447771751651299E-005   3.1065344520347575E-005
 errorU,errorT:   8.9259116305793481E-005   3.1153174161107009E-005
 errorU,errorT:   9.0665809021867931E-005   3.0602525698523635E-005
 errorU,errorT:   9.7997598065713724E-005   2.9429730585980160E-005
 errorU,errorT:   1.0920842642468651E-004   2.7675857763710051E-005
 errorU,errorT:   1.2208903684147120E-004   2.5408038904058257E-005
 errorU,errorT:   1.3489201719846835E-004   2.2723212961332995E-005
 errorU,errorT:   1.4637780595572192E-004   1.9757244711579109E-005
 errorU,errorT:   1.5569576702873276E-004   1.6705878324354799E-005
 errorU,errorT:   1.6227804315745327E-004   1.3868792973271326E-005
 errorU,errorT:   1.6577201151364904E-004   1.1714924399005430E-005
 errorU,errorT:   1.6600055038325858E-004   1.0843677995541235E-005
 errorU,errorT:   1.6293853314569188E-004   1.1558775237286404E-005
 errorU,errorT:   1.5669871337894791E-004   1.3492179519076319E-005
 errorU,errorT:   1.4752433300887160E-004   1.6018634634293496E-005
 errorU,errorT:   1.3578937102560115E-004   1.8673602362872373E-005
 errorU,errorT:   1.2201171531007930E-004   2.1176356742202543E-005
 errorU,errorT:   1.0689190099446865E-004   2.3357238683207110E-005
 errorU,errorT:   9.1403220197842225E-005   2.5110083394970110E-005
 errorU,errorT:   7.6972429214982655E-005   2.6368865061696333E-005
 errorU,errorT:   6.5728493863600559E-005   2.7096490684661532E-005
 errorU,errorT:   6.0357815241815731E-005   2.7279111210904724E-005
 errorU,errorT:   6.2519045703582644E-005   2.6922985179078014E-005
 errorU,errorT:   7.1055311796419118E-005   2.6052674743399250E-005
 errorU,errorT:   8.3202979372162139E-005   2.4710202415124964E-005
 errorU,errorT:   9.6605179366278938E-005   2.2955329226549105E-005
 errorU,errorT:   1.0974502876180601E-004   2.0867661597211035E-005
 errorU,errorT:   1.2168715620645650E-004   1.8552126154112958E-005
 errorU,errorT:   1.3183900997545243E-004   1.6150686467348968E-005
 errorU,errorT:   1.3981906049324947E-004   1.3864219954507671E-005
 errorU,errorT:   1.4539057483531324E-004   1.1982066776898425E-005
 errorU,errorT:   1.4842845536366502E-004   1.0876509792713330E-005
 errorU,errorT:   1.4890270498132559E-004   1.0848910732797786E-005
 errorU,errorT:   1.4687103469966293E-004   1.1871210692640440E-005
 errorU,errorT:   1.4247757410921030E-004   1.3605704648266856E-005
 errorU,errorT:   1.3595706213430169E-004   1.5673686357312274E-005
t_ff=   270.00011 NuVolAvg=  3.02612E+01 ReVolRMS=  5.36564E+02
 errorU,errorT:   1.2764556551236473E-004   1.7794407748000226E-005
 errorU,errorT:   1.1800019314951808E-004   1.9781146371423834E-005
 errorU,errorT:   1.0763094374016787E-004   2.1508777501735714E-005
 errorU,errorT:   9.7344415575437013E-005   2.2890989099340117E-005
 errorU,errorT:   8.8180951465081323E-005   2.3867948348203634E-005
 errorU,errorT:   8.1374660133936430E-005   2.4400141059775368E-005
 errorU,errorT:   7.8098037237171866E-005   2.4465458039378443E-005
 errorU,errorT:   7.8954040659690475E-005   2.4057982879034665E-005
 errorU,errorT:   8.3593510047545537E-005   2.3187753044870144E-005
 errorU,errorT:   9.0910824844905413E-005   2.1881261114762844E-005
 errorU,errorT:   9.9582285457330445E-005   2.0182881773972477E-005
 errorU,errorT:   1.0843691877355935E-004   1.8157997183037545E-005
 errorU,errorT:   1.1656066522788772E-004   1.5899727770655692E-005
 errorU,errorT:   1.2327434957508675E-004   1.3543521718700338E-005
 errorU,errorT:   1.2808772441595879E-004   1.1297575660326011E-005
 errorU,errorT:   1.3066295771931548E-004   9.4927387044359606E-006
 errorU,errorT:   1.3079117414170477E-004   8.5862528831303217E-006
 errorU,errorT:   1.2837854388458386E-004   8.9015655214613994E-006
 errorU,errorT:   1.2343848900001056E-004   1.0259581389692297E-005
 errorU,errorT:   1.1608824893909800E-004   1.2181404189884539E-005
 errorU,errorT:   1.0655019212539864E-004   1.4268159093388613E-005
 errorU,errorT:   9.5161514663795013E-005   1.6269418798003532E-005
 errorU,errorT:   8.2402593695816062E-005   1.8031068329299098E-005
 errorU,errorT:   6.8970030491523652E-005   1.9454335524219343E-005
 errorU,errorT:   5.5956354932872688E-005   2.0475254390070701E-005
 errorU,errorT:   4.5231491683854290E-005   2.1055125150806928E-005
 errorU,errorT:   3.9739566040221815E-005   2.1175995054215135E-005
 errorU,errorT:   4.1806881849572653E-005   2.0838380565184193E-005
 errorU,errorT:   5.0070119483886923E-005   2.0060049006865028E-005
 errorU,errorT:   6.1297509991577390E-005   1.8875473484012026E-005
 errorU,errorT:   7.3188206275817029E-005   1.7336099693909447E-005
 errorU,errorT:   8.4468165032220696E-005   1.5512160924376587E-005
 errorU,errorT:   9.4412393302784211E-005   1.3497837538948703E-005
 errorU,errorT:   1.0258163370841140E-004   1.1423664539959150E-005
 errorU,errorT:   1.0870886562148578E-004   9.4830610362201629E-006
 errorU,errorT:   1.1265004552843461E-004   7.9732330716640496E-006
 errorU,errorT:   1.1436096948845826E-004   7.2809222312820737E-006
 errorU,errorT:   1.1388508988701442E-004   7.6316616045747756E-006
 errorU,errorT:   1.1134638990529506E-004   8.8187716157684361E-006
 errorU,errorT:   1.0694535576889758E-004   1.0433221369778834E-005
 errorU,errorT:   1.0095805314990316E-004   1.2158585878476360E-005
 errorU,errorT:   9.3739575406355774E-005   1.3803872513497256E-005
 errorU,errorT:   8.5733956772092746E-005   1.5256215493515729E-005
 errorU,errorT:   7.7492132701824731E-005   1.6447098993458532E-005
t_ff=   280.00022 NuVolAvg=  3.02587E+01 ReVolRMS=  5.36442E+02
 errorU,errorT:   6.9693948028681286E-005   1.7335228806332035E-005
 errorU,errorT:   6.3150337581950705E-005   1.7898093413509442E-005
 errorU,errorT:   5.8720552918821568E-005   1.8127537707321700E-005
 errorU,errorT:   5.7065248681932418E-005   1.8027215732612606E-005
 errorU,errorT:   5.8313622401987631E-005   1.7611014370490432E-005
 errorU,errorT:   6.1965749084439423E-005   1.6902109936710907E-005
 errorU,errorT:   6.7164865018584535E-005   1.5932622651626445E-005
 errorU,errorT:   7.3043088199337765E-005   1.4744061494203272E-005
 errorU,errorT:   7.8893004940386619E-005   1.3389019790213803E-005
 errorU,errorT:   8.4189430262376390E-005   1.1934971533569261E-005
 errorU,errorT:   8.8556823198830293E-005   1.0471460511428011E-005
 errorU,errorT:   9.1732717056510586E-005   9.1214863571281698E-006
 errorU,errorT:   9.3540659197453285E-005   8.0519355892701122E-006
 errorU,errorT:   9.3872809138972497E-005   7.4570540217258972E-006
 errorU,errorT:   9.2679696975619808E-005   7.4727778006562309E-006
 errorU,errorT:   8.9965043105784794E-005   8.0688321993280577E-006
 errorU,errorT:   8.5784498010451133E-005   9.0695649510303280E-006
 errorU,errorT:   8.0248220397072779E-005   1.0273018157219253E-005
 errorU,errorT:   7.3528605170779569E-005   1.1519438162409707E-005
 errorU,errorT:   6.5876856054885295E-005   1.2696312436878908E-005
 errorU,errorT:   5.7656649302818873E-005   1.3725215774412354E-005
 errorU,errorT:   4.9410838067534915E-005   1.4550603263473749E-005
 errorU,errorT:   4.1979997570696234E-005   1.5133148162972477E-005
 errorU,errorT:   3.6625669096401578E-005   1.5446249020624533E-005
 errorU,errorT:   3.4806315519981980E-005   1.5474358656994055E-005
 errorU,errorT:   3.7148415789743677E-005   1.5212321125024090E-005
 errorU,errorT:   4.2759049641305669E-005   1.4665307881053144E-005
 errorU,errorT:   5.0128432404099341E-005   1.3849228923149816E-005
 errorU,errorT:   5.8040761582041111E-005   1.2791761318964507E-005
 errorU,errorT:   6.5693914020326923E-005   1.1534522224014375E-005
 errorU,errorT:   7.2563655117027795E-005   1.0137633516123060E-005
 errorU,errorT:   7.8295262924984121E-005   8.6893007435929720E-006
 errorU,errorT:   8.2645994350432348E-005   7.3246921156160249E-006
 errorU,errorT:   8.5457493824959500E-005   6.2531226425575248E-006
 errorU,errorT:   8.6643075256798979E-005   5.7480319036291465E-006
 errorU,errorT:   8.6182220414532244E-005   5.9861142016957210E-006
 errorU,errorT:   8.4118840389571582E-005   6.8557624675621647E-006
 errorU,errorT:   8.0562130623366038E-005   8.0788377934368893E-006
 errorU,errorT:   7.5690366022085581E-005   9.4177541765497918E-006
 errorU,errorT:   6.9759406149663307E-005   1.0718154527064303E-005
 errorU,errorT:   6.3119309867864539E-005   1.1882629269575721E-005
 errorU,errorT:   5.6243571535976339E-005   1.2847553162756415E-005
 errorU,errorT:   4.9771068951283500E-005   1.3570748921947885E-005
 errorU,errorT:   4.4532785546724511E-005   1.4025505359696744E-005
t_ff=   290.00011 NuVolAvg=  3.02659E+01 ReVolRMS=  5.36403E+02
 errorU,errorT:   4.1456346978318593E-005   1.4197656955818990E-005
 errorU,errorT:   4.1199677527154643E-005   1.4084094963871296E-005
 errorU,errorT:   4.3696899886079759E-005   1.3691984950681647E-005
 errorU,errorT:   4.8190493908671975E-005   1.3038427183064736E-005
 errorU,errorT:   5.3716221004894363E-005   1.2150583731927214E-005
 errorU,errorT:   5.9457036030105105E-005   1.1066579860639079E-005
 errorU,errorT:   6.4818245114746400E-005   9.8379282386219352E-006
 errorU,errorT:   6.9387210498376317E-005   8.5350277936691898E-006
 errorU,errorT:   7.2883082449284176E-005   7.2584566110916840E-006
 errorU,errorT:   7.5121662669585805E-005   6.1578335490906242E-006
 errorU,errorT:   7.5993952981616894E-005   5.4424822363558296E-006
 errorU,errorT:   7.5453413445841227E-005   5.3139694477206007E-006
 errorU,errorT:   7.3508406521355344E-005   5.7944667390442201E-006
 errorU,errorT:   7.0218009396235239E-005   6.6957142934460232E-006
 errorU,errorT:   6.5690734362509336E-005   7.7906909582425498E-006
 errorU,errorT:   6.0087041874232444E-005   8.9146018991355926E-006
 errorU,errorT:   5.3628538331176893E-005   9.9624190423688320E-006
 errorU,errorT:   4.6620657467391670E-005   1.0866734209432930E-005
 errorU,errorT:   3.9503365519934799E-005   1.1583008086252248E-005
 errorU,errorT:   3.2953886390282992E-005   1.2081877835359689E-005
 errorU,errorT:   2.8031071211154154E-005   1.2345330404739300E-005
 errorU,errorT:   2.6076090909353148E-005   1.2364796374902288E-005
 errorU,errorT:   2.7774219702960074E-005   1.2140212393713742E-005
 errorU,errorT:   3.2335415302535229E-005   1.1679630965926362E-005
 errorU,errorT:   3.8369815071432437E-005   1.0999252569972970E-005
 errorU,errorT:   4.4814375890746062E-005   1.0123987245786358E-005
 errorU,errorT:   5.1009236584490760E-005   9.0889637690463978E-006
 errorU,errorT:   5.6543179804798956E-005   7.9429980592241807E-006
 errorU,errorT:   6.1147166605162503E-005   6.7562467879760202E-006
 errorU,errorT:   6.4641755079161231E-005   5.6360870449766190E-006
 errorU,errorT:   6.6912879586519586E-005   4.7521969328349021E-006
 errorU,errorT:   6.7900948877764553E-005   4.3337591171881910E-006
 errorU,errorT:   6.7596254028273359E-005   4.5305915753664043E-006
 errorU,errorT:   6.6037648610766514E-005   5.2402479860361222E-006
 errorU,errorT:   6.3313435005336380E-005   6.2243329687390981E-006
 errorU,errorT:   5.9564595911663203E-005   7.2893935989614026E-006
 errorU,errorT:   5.4991560777940803E-005   8.3144448176423117E-006
 errorU,errorT:   4.9866811322069091E-005   9.2247401647947739E-006
 errorU,errorT:   4.4556186589319447E-005   9.9719853384030788E-006
 errorU,errorT:   3.9548008127824878E-005   1.0524450942244476E-005
 errorU,errorT:   3.5468603764954787E-005   1.0862382147492204E-005
 errorU,errorT:   3.3008573497493215E-005   1.0975849147226354E-005
 errorU,errorT:   3.2659183413704181E-005   1.0863705036969227E-005
 errorU,errorT:   3.4385153531360216E-005   1.0533074968738878E-005
 errorU,errorT:   3.7632655078095089E-005   9.9991721946498679E-006
t_ff=   300.00022 NuVolAvg=  3.02752E+01 ReVolRMS=  5.36367E+02
 errorU,errorT:   4.1672707816556747E-005   9.2854678320027161E-006
 errorU,errorT:   4.5872717092106144E-005   8.4244740557286228E-006
 errorU,errorT:   4.9766342054870455E-005   7.4597597160914670E-006
 errorU,errorT:   5.3029992436892639E-005   6.4504352489006206E-006
 errorU,errorT:   5.5446721281804917E-005   5.4800404646788498E-006
 errorU,errorT:   5.6879639106246578E-005   4.6698110984110193E-006
 errorU,errorT:   5.7255150366346266E-005   4.1793266396348738E-006
 errorU,errorT:   5.6552633996006454E-005   4.1406262060226456E-006
 errorU,errorT:   5.4797981029793863E-005   4.5374997247022246E-006
 errorU,errorT:   5.2059663592848854E-005   5.2158285646630870E-006
 errorU,errorT:   4.8447102127759116E-005   6.0110484419903191E-006
 errorU,errorT:   4.4112214314042113E-005   6.8076569147757503E-006
 errorU,errorT:   3.9256611740860887E-005   7.5332786599107333E-006
 errorU,errorT:   3.4149546198005655E-005   8.1429141353035789E-006
 errorU,errorT:   2.9165121813719847E-005   8.6087048571481880E-006
 errorU,errorT:   2.4843152005359836E-005   8.9144398765299520E-006
 errorU,errorT:   2.1922758092130792E-005   9.0526332485811737E-006
 errorU,errorT:   2.1132547357744602E-005   9.0228833181947654E-006
 errorU,errorT:   2.2625163158605381E-005   8.8308919371779399E-006
 errorU,errorT:   2.5792194360528167E-005   8.4878814086421585E-006
 errorU,errorT:   2.9810197700353891E-005   8.0103465051543775E-006
 errorU,errorT:   3.4050275655059557E-005   7.4202211236314971E-006
 errorU,errorT:   3.8108073644997349E-005   6.7456884976518280E-006
 errorU,errorT:   4.1728656130451624E-005   6.0230551832604369E-006
 errorU,errorT:   4.4748321730702178E-005   5.3002638067748667E-006
 errorU,errorT:   4.7062016102160198E-005   4.6421140567811314E-006
 errorU,errorT:   4.8606197815833601E-005   4.1336971833914829E-006
 errorU,errorT:   4.9349823720250881E-005   3.8684262839509095E-006
 errorU,errorT:   4.9289643753295329E-005   3.9041814783302316E-006
 errorU,errorT:   4.8448009674386666E-005   4.2177827299194856E-006
 errorU,errorT:   4.6872455927042987E-005   4.7220004355439339E-006
 errorU,errorT:   4.4636922990363153E-005   5.3204878364268543E-006
 errorU,errorT:   4.1844951486183985E-005   5.9372839931434973E-006
 errorU,errorT:   3.8635605618778954E-005   6.5186772689723498E-006
 errorU,errorT:   3.5193173575057309E-005   7.0271962552389818E-006
 errorU,errorT:   3.1761002526157773E-005   7.4364032939905047E-006
 errorU,errorT:   2.8655251620240715E-005   7.7277042162399405E-006
 errorU,errorT:   2.6259757415886050E-005   7.8886143203758950E-006
 errorU,errorT:   2.4959638963932166E-005   7.9118923182622904E-006
 errorU,errorT:   2.4987541052080068E-005   7.7951750004041358E-006
 errorU,errorT:   2.6280226072070514E-005   7.5409216440827545E-006
 errorU,errorT:   2.8509762246416621E-005   7.1566021170583887E-006
 errorU,errorT:   3.1252805331288301E-005   6.6551752956368444E-006
 errorU,errorT:   3.4124621314467052E-005   6.0560544145177662E-006
t_ff=   310.00011 NuVolAvg=  3.02852E+01 ReVolRMS=  5.36364E+02
 errorU,errorT:   3.6822721672657622E-005   5.3870126005182794E-006
 errorU,errorT:   3.9122279605894606E-005   4.6879193680410493E-006
 errorU,errorT:   4.0860764641937921E-005   4.0176143728056041E-006
 errorU,errorT:   4.1925168143721293E-005   3.4634344045599744E-006
 errorU,errorT:   4.2243724649125985E-005   3.1401802183951947E-006
 errorU,errorT:   4.1781070855693686E-005   3.1413655798976392E-006
 errorU,errorT:   4.0535666949497458E-005   3.4562203425003135E-006
 errorU,errorT:   3.8538831121202808E-005   3.9780540373098922E-006
 errorU,errorT:   3.5855400270406970E-005   4.5902835571637462E-006
 errorU,errorT:   3.2586914564278960E-005   5.2079560017225639E-006
 errorU,errorT:   2.8879742373313450E-005   5.7752252655134433E-006
 errorU,errorT:   2.4943473578075201E-005   6.2552803283203562E-006
 errorU,errorT:   2.1089526591172971E-005   6.6236057518428043E-006
 errorU,errorT:   1.7797781120000613E-005   6.8644002288591331E-006
 errorU,errorT:   1.5754537608070314E-005   6.9687615864234177E-006
 errorU,errorT:   1.5600576782530045E-005   6.9337578884906042E-006
 errorU,errorT:   1.7335060365449824E-005   6.7619472180960988E-006
 errorU,errorT:   2.0300031050935510E-005   6.4611657150806387E-006
 errorU,errorT:   2.3786855974419497E-005   6.0445653355111876E-006
 errorU,errorT:   2.7310283706836321E-005   5.5310294325670124E-006
 errorU,errorT:   3.0569716209204138E-005   4.9462961941334424E-006
 errorU,errorT:   3.3376002148843102E-005   4.3254443384418791E-006
 errorU,errorT:   3.5607961845784680E-005   3.7177517505381347E-006
 errorU,errorT:   3.7190676823484317E-005   3.1940727917086423E-006
 errorU,errorT:   3.8084782961709007E-005   2.8491487286661255E-006
 errorU,errorT:   3.8280995352494361E-005   2.7718152012105358E-006
 errorU,errorT:   3.7797215236099367E-005   2.9759368647556517E-006
 errorU,errorT:   3.6677125414188916E-005   3.3837446414484721E-006
 errorU,errorT:   3.4989987574761240E-005   3.8927782942068171E-006
 errorU,errorT:   3.2831854545160455E-005   4.4237762886950704E-006
 errorU,errorT:   3.0328778375458663E-005   4.9245173867512583E-006
 errorU,errorT:   2.7642724911452362E-005   5.3612816500969158E-006
 errorU,errorT:   2.4980048998776883E-005   5.7120595664025626E-006
 errorU,errorT:   2.2598225678976591E-005   5.9626905435289600E-006
 errorU,errorT:   2.0795124102352726E-005   6.1048117263555115E-006
 errorU,errorT:   1.9850734045138626E-005   6.1347639675368304E-006
 errorU,errorT:   1.9912773631944102E-005   6.0530031064033176E-006
 errorU,errorT:   2.0907203479825242E-005   5.8638078988841374E-006
 errorU,errorT:   2.2577631717653361E-005   5.5752145425479058E-006
 errorU,errorT:   2.4609671442985424E-005   5.1992056004107620E-006
 errorU,errorT:   2.6722604860460041E-005   4.7522854467766726E-006
 errorU,errorT:   2.8697763303114711E-005   4.2567248316254129E-006
 errorU,errorT:   3.0374066694121330E-005   3.7429626422801911E-006
 errorU,errorT:   3.1636196649192400E-005   3.2536820278297857E-006
t_ff=   320.00022 NuVolAvg=  3.02919E+01 ReVolRMS=  5.36351E+02
 errorU,errorT:   3.2404634875045463E-005   2.8485542890638470E-006
 errorU,errorT:   3.2629006709343227E-005   2.6015932896302183E-006
 errorU,errorT:   3.2284063574453601E-005   2.5729477842281963E-006
 errorU,errorT:   3.1367496045828795E-005   2.7627005766416476E-006
 errorU,errorT:   2.9899093107595811E-005   3.1087667641734083E-006
 errorU,errorT:   2.7921187619169928E-005   3.5332829011171191E-006
 errorU,errorT:   2.5500888377208460E-005   3.9737920645467852E-006
 errorU,errorT:   2.2735550504539894E-005   4.3868044736762013E-006
 errorU,errorT:   1.9764781952972316E-005   4.7426877628915841E-006
 errorU,errorT:   1.6795525517539876E-005   5.0211383519113524E-006
 errorU,errorT:   1.4148160908154260E-005   5.2084847850536811E-006
 errorU,errorT:   1.2302828905702307E-005   5.2962533174827050E-006
 errorU,errorT:   1.1792504331596277E-005   5.2804397455876011E-006
 errorU,errorT:   1.2779515712609975E-005   5.1611634729792720E-006
 errorU,errorT:   1.4859366779507795E-005   4.9425512337072720E-006
 errorU,errorT:   1.7469748938067831E-005   4.6328167260440201E-006
 errorU,errorT:   2.0193893176272616E-005   4.2446142411884956E-006
 errorU,errorT:   2.2768411933494219E-005   3.7959047431413900E-006
 errorU,errorT:   2.5026126838469243E-005   3.3118562287450629E-006
 errorU,errorT:   2.6857827043024042E-005   2.8287335564234871E-006
 errorU,errorT:   2.8192996745679785E-005   2.4006272169923533E-006
 errorU,errorT:   2.8990644988700072E-005   2.1047158211999456E-006
 errorU,errorT:   2.9234948902720019E-005   2.0217418092943249E-006
 errorU,errorT:   2.8933195822662402E-005   2.1731578928022473E-006
 errorU,errorT:   2.8114940619443319E-005   2.4955294525635769E-006
 errorU,errorT:   2.6832036333611619E-005   2.9006820568561434E-006
 errorU,errorT:   2.5159650960351142E-005   3.3216251097596086E-006
 errorU,errorT:   2.3198719672912207E-005   3.7153821581002878E-006
 errorU,errorT:   2.1080429412137052E-005   4.0547767835022785E-006
 errorU,errorT:   1.8972676698184230E-005   4.3224389997341718E-006
 errorU,errorT:   1.7084982504473624E-005   4.5076008170154598E-006
 errorU,errorT:   1.5658552522466905E-005   4.6044667107020415E-006
 errorU,errorT:   1.4915766563159300E-005   4.6113577277525363E-006
 errorU,errorT:   1.4963500132018669E-005   4.5302328739035440E-006
 errorU,errorT:   1.5723826695226257E-005   4.3664148868304449E-006
 errorU,errorT:   1.6977330483708234E-005   4.1284691042747971E-006
 errorU,errorT:   1.8470105830964907E-005   3.8282664583207412E-006
 errorU,errorT:   1.9985097515698552E-005   3.4813415655857596E-006
 errorU,errorT:   2.1360354892902526E-005   3.1077501979497998E-006
 errorU,errorT:   2.2482722767715868E-005   2.7336856574242557E-006
 errorU,errorT:   2.3277128109479419E-005   2.3937850451486167E-006
 errorU,errorT:   2.3697906754791627E-005   2.1321302998299981E-006
 errorU,errorT:   2.3722836210455911E-005   1.9950294516250961E-006
 errorU,errorT:   2.3349210170725651E-005   2.0085680895813300E-006
 errorU,errorT:   2.2591329012193098E-005   2.1577424269760590E-006
t_ff=   330.00011 NuVolAvg=  3.02966E+01 ReVolRMS=  5.36347E+02
 errorU,errorT:   2.1479087717037168E-005   2.3970350736314772E-006
 errorU,errorT:   2.0057669985934436E-005   2.6778110488416868E-006
 errorU,errorT:   1.8388717259575248E-005   2.9624562562333912E-006
 errorU,errorT:   1.6553803032763806E-005   3.2250881952054596E-006
 errorU,errorT:   1.4661567370335043E-005   3.4484747011712672E-006
 errorU,errorT:   1.2859660820877277E-005   3.6213334840124953E-006
 errorU,errorT:   1.1347897984250190E-005   3.7366059977788802E-006
 errorU,errorT:   1.0370108291467743E-005   3.7904425812688914E-006
 errorU,errorT:   1.0135740645281029E-005   3.7816210165274198E-006
 errorU,errorT:   1.0681314035302452E-005   3.7112287509941529E-006
 errorU,errorT:   1.1835156487633745E-005   3.5825252225520311E-006
 errorU,errorT:   1.3342306745179635E-005   3.4009599509586892E-006
 errorU,errorT:   1.4979626469431989E-005   3.1743701053770016E-006
 errorU,errorT:   1.6584964777376830E-005   2.9134317895800091E-006
 errorU,errorT:   1.8045953402653410E-005   2.6324931871788406E-006
 errorU,errorT:   1.9284714102404329E-005   2.3509205295486826E-006
 errorU,errorT:   2.0247453457150668E-005   2.0947786485905809E-006
 errorU,errorT:   2.0898521531614372E-005   1.8972938055200322E-006
 errorU,errorT:   2.1217283559308094E-005   1.7935676454077046E-006
 errorU,errorT:   2.1196627831779324E-005   1.8054093132119331E-006
 errorU,errorT:   2.0842452799387935E-005   1.9262912037490630E-006
 errorU,errorT:   2.0173830132383625E-005   2.1255017883065971E-006
 errorU,errorT:   1.9223781711635949E-005   2.3659420117285332E-006
 errorU,errorT:   1.8040795940236707E-005   2.6160051415650810E-006
 errorU,errorT:   1.6691347062183798E-005   2.8520478570335470E-006
 errorU,errorT:   1.5263630106713757E-005   3.0570473993035573E-006
 errorU,errorT:   1.3871953603473009E-005   3.2189066248117207E-006
 errorU,errorT:   1.2658398762718570E-005   3.3292724647446365E-006
 errorU,errorT:   1.1782029578466204E-005   3.3828393395020717E-006
 errorU,errorT:   1.1381318999826102E-005   3.3769705016264127E-006
 errorU,errorT:   1.1513888798145828E-005   3.3115124212670776E-006
 errorU,errorT:   1.2121129475933482E-005   3.1887369065236450E-006
 errorU,errorT:   1.3058484421837634E-005   3.0133973027501290E-006
 errorU,errorT:   1.4158315428233718E-005   2.7929365290657397E-006
 errorU,errorT:   1.5272473529153282E-005   2.5379503202057488E-006
 errorU,errorT:   1.6285245257807170E-005   2.2630973792182566E-006
 errorU,errorT:   1.7111473210875300E-005   1.9887067392212629E-006
 errorU,errorT:   1.7691215119225602E-005   1.7430007722476287E-006
 errorU,errorT:   1.7985102773921855E-005   1.5628391852779329E-006
 errorU,errorT:   1.7971120462161216E-005   1.4860078882260984E-006
 errorU,errorT:   1.7642560800291711E-005   1.5299239622989148E-006
 errorU,errorT:   1.7006851116438066E-005   1.6765375693894073E-006
 errorU,errorT:   1.6085122367762146E-005   1.8864508028912192E-006
 errorU,errorT:   1.4912652510990609E-005   2.1213584032704527E-006
t_ff=   340.00022 NuVolAvg=  3.02981E+01 ReVolRMS=  5.36333E+02
 errorU,errorT:   1.3540683450686013E-005   2.3526742489145789E-006
 errorU,errorT:   1.2040680216540571E-005   2.5607306039656257E-006
 errorU,errorT:   1.0512844509292616E-005   2.7322097357758700E-006
 errorU,errorT:   9.1003954984644457E-006   2.8582363801893909E-006
 errorU,errorT:   8.0032173218008285E-006   2.9332473086401140E-006
 errorU,errorT:   7.4539387694549721E-006   2.9543607402565865E-006
 errorU,errorT:   7.5987580630759120E-006   2.9210314626153441E-006
 errorU,errorT:   8.3684565210013745E-006   2.8348753700650521E-006
 errorU,errorT:   9.5389495204894626E-006   2.6996179792598211E-006
 errorU,errorT:   1.0883777091315930E-005   2.5211755035340906E-006
 errorU,errorT:   1.2237119242574807E-005   2.3079328960841123E-006
 errorU,errorT:   1.3487912562655306E-005   2.0713572800472969E-006
 errorU,errorT:   1.4562149626208439E-005   1.8271690949597542E-006
 errorU,errorT:   1.5410482245004045E-005   1.5972296990757633E-006
 errorU,errorT:   1.6001282662424521E-005   1.4113391614623237E-006
 errorU,errorT:   1.6317000215525985E-005   1.3045924433071600E-006
 errorU,errorT:   1.6352313568988021E-005   1.3026780934929963E-006
 errorU,errorT:   1.6113284818696964E-005   1.4021343162791544E-006
 errorU,errorT:   1.5617157691938632E-005   1.5726161028739431E-006
 errorU,errorT:   1.4892704632329273E-005   1.7780241884413908E-006
 errorU,errorT:   1.3981202544371807E-005   1.9895254867536820E-006
 errorU,errorT:   1.2938224068391046E-005   2.1869203652080481E-006
 errorU,errorT:   1.1836352449629421E-005   2.3564191357190061E-006
 errorU,errorT:   1.0768215430975201E-005   2.4886436866962230E-006
 errorU,errorT:   9.8468311598866592E-006   2.5774042608002817E-006
 errorU,errorT:   9.1953499404151946E-006   2.6190274681674003E-006
 errorU,errorT:   8.9159239509569866E-006   2.6120025238025113E-006
 errorU,errorT:   9.0440420310493293E-006   2.5568067391735653E-006
 errorU,errorT:   9.5262725187496134E-006   2.4558446089037692E-006
 errorU,errorT:   1.0247512775550005E-005   2.3134864160244401E-006
 errorU,errorT:   1.1078671484671700E-005   2.1362381497537325E-006
 errorU,errorT:   1.1907124966732486E-005   1.9331302596116526E-006
 errorU,errorT:   1.2645426539501881E-005   1.7164839341533813E-006
 errorU,errorT:   1.3229597761902958E-005   1.5032415802728002E-006
 errorU,errorT:   1.3615110436390783E-005   1.3166716083254527E-006
 errorU,errorT:   1.3773451232106644E-005   1.1863122236251137E-006
 errorU,errorT:   1.3689744112885508E-005   1.1401081996464787E-006
 errorU,errorT:   1.3361243776990762E-005   1.1867988913451489E-006
 errorU,errorT:   1.2796482392610856E-005   1.3076287382206490E-006
 errorU,errorT:   1.2015000420346310E-005   1.4706825165435337E-006
 errorU,errorT:   1.1047815504671390E-005   1.6471953201502211E-006
 errorU,errorT:   9.9391175657536013E-006   1.8163955736349245E-006
 errorU,errorT:   8.7502105798424336E-006   1.9642689467590900E-006
 errorU,errorT:   7.5673572372468029E-006   2.0815618756143098E-006
t_ff=   350.00011 NuVolAvg=  3.02984E+01 ReVolRMS=  5.36323E+02
 errorU,errorT:   6.5143198299694778E-006   2.1624008290125591E-006
 errorU,errorT:   5.7602330477557241E-006   2.2034866730551660E-006
 errorU,errorT:   5.4821069818431309E-006   2.2036404364298257E-006
 errorU,errorT:   5.7478905908565439E-006   2.1635463616770365E-006
 errorU,errorT:   6.4472944924028048E-006   2.0856134747669548E-006
 errorU,errorT:   7.3893584122876518E-006   1.9739293675182636E-006
 errorU,errorT:   8.4113443036857694E-006   1.8343191684150523E-006
 errorU,errorT:   9.4027335399450071E-006   1.6745584590454139E-006
 errorU,errorT:   1.0292389941645636E-005   1.5048174655163514E-006
 errorU,errorT:   1.1034788258072615E-005   1.3383808679226966E-006
 errorU,errorT:   1.1601567091886741E-005   1.1923762056383018E-006
 errorU,errorT:   1.1976896579514670E-005   1.0871701834590606E-006
 errorU,errorT:   1.2154936347636954E-005   1.0415127892206169E-006
 errorU,errorT:   1.2138383817884857E-005   1.0628749585937576E-006
 errorU,errorT:   1.1937618394883704E-005   1.1418002316196454E-006
 errorU,errorT:   1.1570224718322719E-005   1.2581608259885598E-006
 errorU,errorT:   1.1060826237646459E-005   1.3912983085647424E-006
 errorU,errorT:   1.0441231543831262E-005   1.5249262205832462E-006
 errorU,errorT:   9.7508909240604949E-006   1.6474650367004068E-006
 errorU,errorT:   9.0375121576882094E-006   1.7509868243097999E-006
 errorU,errorT:   8.3572253347874349E-006   1.8302097473051654E-006
 errorU,errorT:   7.7727169461555512E-006   1.8818123633536597E-006
 errorU,errorT:   7.3465711371536415E-006   1.9040078347252734E-006
 errorU,errorT:   7.1277217901968954E-006   1.8962878925263152E-006
 errorU,errorT:   7.1346872670775358E-006   1.8592760713201626E-006
 errorU,errorT:   7.3469628537845557E-006   1.7946594916218125E-006
 errorU,errorT:   7.7127372950084341E-006   1.7051910812591141E-006
 errorU,errorT:   8.1666492514150588E-006   1.5947731491842740E-006
 errorU,errorT:   8.6451560835947991E-006   1.4686520021924063E-006
 errorU,errorT:   9.0942127439111511E-006   1.3337686902404877E-006
 errorU,errorT:   9.4711144634695674E-006   1.1992940408318743E-006
 errorU,errorT:   9.7437528030885935E-006   1.0772177983453044E-006
 errorU,errorT:   9.8892707823878280E-006   9.8230490589617992E-007
 errorU,errorT:   9.8929033884386265E-006   9.2972103788360671E-007
 errorU,errorT:   9.7472006967527654E-006   9.2902024044150561E-007
 errorU,errorT:   9.4516360740100895E-006   9.7815996769154984E-007
 errorU,errorT:   9.0125883716659595E-006   1.0645043176614248E-006
 errorU,errorT:   8.4437557474313414E-006   1.1716444450799562E-006
 errorU,errorT:   7.7671910767899499E-006   1.2848004455764538E-006
 errorU,errorT:   7.0153553116947212E-006   1.3924928063673514E-006
 errorU,errorT:   6.2348232119494465E-006   1.4862798105959399E-006
 errorU,errorT:   5.4920987099834728E-006   1.5601035654112017E-006
 errorU,errorT:   4.8793658749173933E-006   1.6097690628803042E-006
 errorU,errorT:   4.5082804238169975E-006   1.6326182528332782E-006
 errorU,errorT:   4.4690852102308703E-006   1.6273499740043748E-006
t_ff=   360.00022 NuVolAvg=  3.02975E+01 ReVolRMS=  5.36309E+02
 errorU,errorT:   4.7677361430007653E-006   1.5939362969716974E-006
 errorU,errorT:   5.3196304853254438E-006   1.5336076772288044E-006
 errorU,errorT:   6.0099963051938135E-006   1.4489029307606511E-006
 errorU,errorT:   6.7411115518007830E-006   1.3438050347888683E-006
 errorU,errorT:   7.4421514288568510E-006   1.2240129914499840E-006
 errorU,errorT:   8.0638892083499498E-006   1.0974256257437851E-006
 errorU,errorT:   8.5724866035819695E-006   9.7487267466255908E-007
 errorU,errorT:   8.9454205330882123E-006   8.7077427004470485E-007
 errorU,errorT:   9.1691849064068260E-006   8.0223541174161307E-007
 errorU,errorT:   9.2380639253398178E-006   7.8374633776322810E-007
 errorU,errorT:   9.1535086656543466E-006   8.1840143723293077E-007
 errorU,errorT:   8.9238725875419740E-006   8.9526267670392012E-007
 errorU,errorT:   8.5644116185210804E-006   9.9680564807052998E-007
 errorU,errorT:   8.0975484506128421E-006   1.1067847293598544E-006
 errorU,errorT:   7.5534451328607686E-006   1.2129156710139147E-006
 errorU,errorT:   6.9708690075883257E-006   1.3065528563108333E-006
 errorU,errorT:   6.3980026342158033E-006   1.3817836906061554E-006
 errorU,errorT:   5.8918934345017696E-006   1.4347237978965461E-006
 errorU,errorT:   5.5135173676697123E-006   1.4630753523093584E-006
 errorU,errorT:   5.3147589905719014E-006   1.4658659521219731E-006
 errorU,errorT:   5.3192027084342839E-006   1.4432966832798891E-006
 errorU,errorT:   5.5100668760387701E-006   1.3966593920693724E-006
 errorU,errorT:   5.8377131314061060E-006   1.3283090879995388E-006
 errorU,errorT:   6.2397721624494623E-006   1.2416980440448633E-006
 errorU,errorT:   6.6577574505506337E-006   1.1414968642831325E-006
 errorU,errorT:   7.0442053313875661E-006   1.0338415913332064E-006
 errorU,errorT:   7.3635114674447686E-006   9.2672762381786208E-007
 errorU,errorT:   7.5904660460025321E-006   8.3041863986481882E-007
 errorU,errorT:   7.7085052481491586E-006   7.5722470451083643E-007
 errorU,errorT:   7.7083037360379957E-006   7.1916677579545785E-007
 errorU,errorT:   7.5867847856590163E-006   7.2275608895176269E-007
 errorU,errorT:   7.3464923764319260E-006   7.6468121405371766E-007
 errorU,errorT:   6.9952879886777651E-006   8.3377467817450309E-007
 errorU,errorT:   6.5464022788369394E-006   9.1688292960341132E-007
 errorU,errorT:   6.0189719525442079E-006   1.0027726855349609E-006
 errorU,errorT:   5.4393261616571037E-006   1.0830399403083773E-006
 errorU,errorT:   4.8434099544938562E-006   1.1517074924707409E-006
 errorU,errorT:   4.2805089883804227E-006   1.2046396217134907E-006
 errorU,errorT:   3.8165467120288540E-006   1.2391018869403603E-006
 errorU,errorT:   3.5290814193996846E-006   1.2534829774332376E-006
 errorU,errorT:   3.4802630394560161E-006   1.2471331893822451E-006
 errorU,errorT:   3.6761320033159272E-006   1.2202811276853947E-006
 errorU,errorT:   4.0606178109821150E-006   1.1740080546660213E-006
 errorU,errorT:   4.5537247338006790E-006   1.1102763063967928E-006
t_ff=   370.00011 NuVolAvg=  3.02966E+01 ReVolRMS=  5.36299E+02
 errorU,errorT:   5.0848613889077850E-006   1.0320248967179427E-006
 errorU,errorT:   5.6017209466643267E-006   9.4336361445098012E-007
 errorU,errorT:   6.0674737146648913E-006   8.4991050518380699E-007
 errorU,errorT:   6.4564800466629801E-006   7.5928522576282089E-007
 errorU,errorT:   6.7512697198630868E-006   6.8154209107112606E-007
 errorU,errorT:   6.9407845302202642E-006   6.2861237637227596E-007
 errorU,errorT:   7.0194459390095020E-006   6.1099707802732152E-007
 errorU,errorT:   6.9867134575563782E-006   6.3198439117941975E-007
 errorU,errorT:   6.8469437508534968E-006   6.8511890268101330E-007
 errorU,errorT:   6.6094638506456821E-006   7.5842521821354020E-007
 errorU,errorT:   6.2888388369598184E-006   8.3997648257152196E-007
 errorU,errorT:   5.9053466094753236E-006   9.2031725279046206E-007
 errorU,errorT:   5.4856415342326712E-006   9.9255466326892788E-007
 errorU,errorT:   5.0633934703462687E-006   1.0518120277331139E-006
 errorU,errorT:   4.6791240894516747E-006   1.0947399362626534E-006
 errorU,errorT:   4.3773879747595315E-006   1.1191992528188029E-006
 errorU,errorT:   4.1987243350213274E-006   1.1240769810364622E-006
 errorU,errorT:   4.1664835634331375E-006   1.1091861407714728E-006
 errorU,errorT:   4.2760058307227431E-006   1.0752190192227317E-006
 errorU,errorT:   4.4960959724752493E-006   1.0237417155879157E-006
 errorU,errorT:   4.7817584204659724E-006   9.5723433105973747E-007
 errorU,errorT:   5.0874835447950467E-006   8.7919751206212263E-007
 errorU,errorT:   5.3744915242945965E-006   7.9436133314398712E-007
 errorU,errorT:   5.6127056549946378E-006   7.0902733844782576E-007
 errorU,errorT:   5.7802998995935415E-006   6.3146533948729674E-007
 errorU,errorT:   5.8626372121830594E-006   5.7185418635693049E-007
 errorU,errorT:   5.8512974094331189E-006   5.4042451363150587E-007
 errorU,errorT:   5.7433565776971795E-006   5.4286379283837645E-007
 errorU,errorT:   5.5409154703159435E-006   5.7631082473605276E-007
 errorU,errorT:   5.2508662171405056E-006   6.3113708654499481E-007
 errorU,errorT:   4.8849389910292778E-006   6.9626800983330541E-007
 errorU,errorT:   4.4601604249122914E-006   7.6252161580673743E-007
 errorU,errorT:   3.9999758178335216E-006   8.2323865354165210E-007
 errorU,errorT:   3.5363643087844921E-006   8.7385155414161198E-007
 errorU,errorT:   3.1128751931414702E-006   9.1136220122334667E-007
 errorU,errorT:   2.7860989969931246E-006   9.3396706944657838E-007
 errorU,errorT:   2.6168356954164176E-006   9.4082092465129236E-007
 errorU,errorT:   2.6416274143960129E-006   9.3189297406727882E-007
 errorU,errorT:   2.8448770317781017E-006   9.0788202266261982E-007
 errorU,errorT:   3.1703091677370147E-006   8.7017416949108858E-007
 errorU,errorT:   3.5556703113162856E-006   8.2084014454119580E-007
 errorU,errorT:   3.9518342066762785E-006   7.6267950528940882E-007
 errorU,errorT:   4.3245118426320037E-006   6.9932357678788114E-007
 errorU,errorT:   4.6506429069232350E-006   6.3539551530741581E-007
t_ff=   380.00022 NuVolAvg=  3.02956E+01 ReVolRMS=  5.36288E+02
 errorU,errorT:   4.9150560099452351E-006   5.7665439740207530E-007
 errorU,errorT:   5.1083042852127044E-006   5.2984741228525807E-007
 errorU,errorT:   5.2253848528433065E-006   5.0169108414448471E-007
 errorU,errorT:   5.2649942447501411E-006   4.9660264839636728E-007
 errorU,errorT:   5.2290979079695264E-006   5.1438387568014687E-007
 errorU,errorT:   5.1226962945070013E-006   5.5024470103599031E-007
 errorU,errorT:   4.9537316909889398E-006   5.9722641634112725E-007
 errorU,errorT:   4.7331144362627876E-006   6.4859918864773736E-007
 errorU,errorT:   4.4748524924741895E-006   6.9891457553335804E-007
 errorU,errorT:   4.1962350834489419E-006   7.4409948996622504E-007
 errorU,errorT:   3.9179097523961082E-006   7.8122810231140532E-007
 errorU,errorT:   3.6634511179481515E-006   8.0827827727199269E-007
 errorU,errorT:   3.4576742473285241E-006   8.2395221020780221E-007
 errorU,errorT:   3.3228597014630354E-006   8.2756087938129643E-007
 errorU,errorT:   3.2730904670004399E-006   8.1895625533251500E-007
 errorU,errorT:   3.3092460502634797E-006   7.9849829094572044E-007
 errorU,errorT:   3.4183118200878789E-006   7.6705030188985804E-007
 errorU,errorT:   3.5777606607379333E-006   7.2600295128195210E-007
 errorU,errorT:   3.7618073366308727E-006   6.7733316552454663E-007
 errorU,errorT:   3.9461427425251304E-006   6.2370829744584964E-007
 errorU,errorT:   4.1102253648782370E-006   5.6863969176306004E-007
 errorU,errorT:   4.2378799454404894E-006   5.1664691278662878E-007
 errorU,errorT:   4.3171348024233237E-006   4.7325619305162549E-007
 errorU,errorT:   4.3398569914575698E-006   4.4439692622010067E-007
 errorU,errorT:   4.3014214007775946E-006   4.3471412560526411E-007
 errorU,errorT:   4.2004885706215660E-006   4.4533557917159119E-007
 errorU,errorT:   4.0389126424449798E-006   4.7311208848758296E-007
 errorU,errorT:   3.8218021659447540E-006   5.1224817043953586E-007
 errorU,errorT:   3.5577874645069114E-006   5.5657981803916453E-007
 errorU,errorT:   3.2595967839067877E-006   6.0085625112436143E-007
 errorU,errorT:   2.9450833563480672E-006   6.4103150421286723E-007
 errorU,errorT:   2.6387495370971067E-006   6.7413764687170724E-007
 errorU,errorT:   2.3731403917090164E-006   6.9808802459045164E-007
 errorU,errorT:   2.1873575602724454E-006   7.1152193079468146E-007
 errorU,errorT:   2.1172448015262993E-006   7.1370343488347337E-007
 errorU,errorT:   2.1770396676495723E-006   7.0446290254016137E-007
 errorU,errorT:   2.3492328379998583E-006   6.8417026690762723E-007
 errorU,errorT:   2.5960939101514835E-006   6.5373553633154366E-007
 errorU,errorT:   2.8781059913494560E-006   6.1463952973093114E-007
 errorU,errorT:   3.1632144533705590E-006   5.6900507431477529E-007
 errorU,errorT:   3.4278669292717697E-006   5.1972256607640765E-007
 errorU,errorT:   3.6553826073086041E-006   4.7062856662767218E-007
 errorU,errorT:   3.8342921824967709E-006   4.2665458068389458E-007
 errorU,errorT:   3.9572058799148920E-006   3.9363091524125944E-007
 errorU,errorT:   4.0201333930880518E-006   3.7712652065980449E-007
t_ff=   390.00011 NuVolAvg=  3.02951E+01 ReVolRMS=  5.36281E+02
 errorU,errorT:   4.0221015169772414E-006   3.8013417677917858E-007
 errorU,errorT:   3.9649592338270268E-006   4.0125689779099097E-007
 errorU,errorT:   3.8533114402704661E-006   4.3550723225804904E-007
 errorU,errorT:   3.6945573300473896E-006   4.7678446656902521E-007
 errorU,errorT:   3.4990269004515334E-006   5.1966505059535419E-007
 errorU,errorT:   3.2801967633409432E-006   5.5994281464360445E-007
 errorU,errorT:   3.0548907556396812E-006   5.9454033119739273E-007
 errorU,errorT:   2.8431674805843239E-006   6.2128547594243461E-007
 errorU,errorT:   2.6672191921182795E-006   6.3872577806853093E-007
 errorU,errorT:   2.5482954321180757E-006   6.4600531057954326E-007
 errorU,errorT:   2.5013327151032227E-006   6.4279081272739286E-007
 errorU,errorT:   2.5294193883857124E-006   6.2923211169914466E-007
 errorU,errorT:   2.6222142778342077E-006   6.0594836988847256E-007
 errorU,errorT:   2.7598828569998242E-006   5.7403881767635858E-007
 errorU,errorT:   2.9193476599509054E-006   5.3512346787546950E-007
 errorU,errorT:   3.0790069466001496E-006   4.9142504075033742E-007
 errorU,errorT:   3.2208826843885254E-006   4.4590206544313287E-007
 errorU,errorT:   3.3310624898305780E-006   4.0241198723439702E-007
 errorU,errorT:   3.3994388243128718E-006   3.6576168054722237E-007
 errorU,errorT:   3.4192981793918797E-006   3.4123311654119981E-007
 errorU,errorT:   3.3869690415166361E-006   3.3304290295535789E-007
 errorU,errorT:   3.3015814211121591E-006   3.4217437414644298E-007
 errorU,errorT:   3.1649460119781741E-006   3.6565835954525028E-007
 errorU,errorT:   2.9815682891513877E-006   3.9824110209891330E-007
 errorU,errorT:   2.7588455731971145E-006   4.3455191452756266E-007
 errorU,errorT:   2.5075500332180439E-006   4.7018568372497774E-007
 errorU,errorT:   2.2427616883496813E-006   5.0186043015560148E-007
 errorU,errorT:   1.9853785948675321E-006   5.2724583822138027E-007
 errorU,errorT:   1.7637398135640558E-006   5.4476755968704877E-007
 errorU,errorT:   1.6126320113121122E-006   5.5346522971817017E-007
 errorU,errorT:   1.5635762805790466E-006   5.5290339229762086E-007
 errorU,errorT:   1.6262162899466183E-006   5.4312055836637031E-007
 errorU,errorT:   1.7802909846471118E-006   5.2460560462458126E-007
 errorU,errorT:   1.9901225451076487E-006   4.9829766048752563E-007
 errorU,errorT:   2.2220120879704770E-006   4.6561242247855244E-007
 errorU,errorT:   2.4505525926220532E-006   4.2850328851489457E-007
 errorU,errorT:   2.6580391064913261E-006   3.8956483789881506E-007
 errorU,errorT:   2.8324924415570652E-006   3.5216003260006239E-007
 errorU,errorT:   2.9661228250054858E-006   3.2045188230796163E-007
 errorU,errorT:   3.0543818891150836E-006   2.9899926570388099E-007
 errorU,errorT:   3.0954134699969642E-006   2.9147007804951587E-007
 errorU,errorT:   3.0897384353087677E-006   2.9881903187293485E-007
 errorU,errorT:   3.0400736677725963E-006   3.1863838237401550E-007
 errorU,errorT:   2.9512329785078092E-006   3.4652027887910380E-007
t_ff=   400.00022 NuVolAvg=  3.02948E+01 ReVolRMS=  5.36276E+02
 errorU,errorT:   2.8300826108275440E-006   3.7790594150106723E-007
 errorU,errorT:   2.6855289484546478E-006   4.0904716778273448E-007
 errorU,errorT:   2.5284915918746133E-006   4.3716593920327428E-007
 errorU,errorT:   2.3717461442494878E-006   4.6031222328482154E-007
 errorU,errorT:   2.2293914651421889E-006   4.7718961513812173E-007
 errorU,errorT:   2.1155605436784241E-006   4.8702245424288139E-007
 errorU,errorT:   2.0420865133452125E-006   4.8946656761968326E-007
 errorU,errorT:   2.0155184999018185E-006   4.8455157554258811E-007
 errorU,errorT:   2.0349585906160123E-006   4.7264480081237953E-007
 errorU,errorT:   2.0923095516087612E-006   4.5443149398967847E-007
 errorU,errorT:   2.1748796786697328E-006   4.3091010128215544E-007
 errorU,errorT:   2.2686456130302564E-006   4.0340384101936099E-007
 errorU,errorT:   2.3606392703034629E-006   3.7358941872082944E-007
 errorU,errorT:   2.4400997506702469E-006   3.4353554928519691E-007
 errorU,errorT:   2.4987667171831476E-006   3.1571703751704360E-007
 errorU,errorT:   2.5307679079457069E-006   2.9291140232860156E-007
 errorU,errorT:   2.5323836408347459E-006   2.7781892648309614E-007
 errorU,errorT:   2.5018182534570077E-006   2.7232318315001303E-007
 errorU,errorT:   2.4390273791056434E-006   2.7670431792846714E-007
 errorU,errorT:   2.3456190428218107E-006   2.8946456555838216E-007
 errorU,errorT:   2.2248430864174831E-006   3.0797106687345929E-007
 errorU,errorT:   2.0816913681958636E-006   3.2934352637635176E-007
 errorU,errorT:   1.9231415866369300E-006   3.5102624383625818E-007
 errorU,errorT:   1.7585707115717946E-006   3.7098072909794332E-007
 errorU,errorT:   1.6002786846098799E-006   3.8767439248019846E-007
 errorU,errorT:   1.4637504887445863E-006   4.0000842571974772E-007
 errorU,errorT:   1.3665883474143790E-006   4.0724776083772741E-007
 errorU,errorT:   1.3245090421030633E-006   4.0897031425925430E-007
 errorU,errorT:   1.3447297160970554E-006   4.0503606613448586E-007
 errorU,errorT:   1.4218069699262497E-006   3.9557300255607213E-007
 errorU,errorT:   1.5405671834277372E-006   3.8097788546984374E-007
 errorU,errorT:   1.6828584307340675E-006   3.6193193869832673E-007
 errorU,errorT:   1.8323208892840075E-006   3.3943344774398744E-007
 errorU,errorT:   1.9759349333542393E-006   3.1484897257842283E-007
 errorU,errorT:   2.1038836000058048E-006   2.8997675310984650E-007
 errorU,errorT:   2.2089986016600257E-006   2.6708638558626777E-007
 errorU,errorT:   2.2862767100709090E-006   2.4882958147930847E-007
 errorU,errorT:   2.3325595327430953E-006   2.3783484595489601E-007
 errorU,errorT:   2.3463501925639815E-006   2.3589399142210476E-007
 errorU,errorT:   2.3277263702107684E-006   2.4313309362947140E-007
 errorU,errorT:   2.2783195202636699E-006   2.5791552027669668E-007
 errorU,errorT:   2.2013437233427721E-006   2.7758816970055831E-007
 errorU,errorT:   2.1016657009555601E-006   2.9936670279043613E-007
 errorU,errorT:   1.9859040341837294E-006   3.2083604381697858E-007
t_ff=   410.00011 NuVolAvg=  3.02948E+01 ReVolRMS=  5.36272E+02
 errorU,errorT:   1.8625184283559828E-006   3.4008839223682910E-007
 errorU,errorT:   1.7417739381395928E-006   3.5569599303317877E-007
 errorU,errorT:   1.6353166538645530E-006   3.6664592045626641E-007
 errorU,errorT:   1.5549379910220381E-006   3.7228363530050903E-007
 errorU,errorT:   1.5102238615330319E-006   3.7227443465165858E-007
 errorU,errorT:   1.5056280076045644E-006   3.6658070599733292E-007
 errorU,errorT:   1.5386797723202239E-006   3.5545180760073283E-007
 errorU,errorT:   1.6008002437103800E-006   3.3942543053162891E-007
 errorU,errorT:   1.6801358962352564E-006   3.1934181826342336E-007
 errorU,errorT:   1.7644765179375076E-006   2.9637401902471104E-007
 errorU,errorT:   1.8430544699238371E-006   2.7207536078433302E-007
 errorU,errorT:   1.9072435459240179E-006   2.4843065121698918E-007
 errorU,errorT:   1.9506390588146424E-006   2.2785112208549520E-007
 errorU,errorT:   1.9689049703634215E-006   2.1296171168242642E-007
 errorU,errorT:   1.9595807458518570E-006   2.0598583582714418E-007
 errorU,errorT:   1.9219201864198390E-006   2.0783012621855232E-007
 errorU,errorT:   1.8567835996180679E-006   2.1757123582921420E-007
 errorU,errorT:   1.7665940844200054E-006   2.3291372917860490E-007
 errorU,errorT:   1.6553746709743586E-006   2.5115184027593149E-007
 errorU,errorT:   1.5288935394538369E-006   2.6985971689254915E-007
 errorU,errorT:   1.3949485913936750E-006   2.8713189603304270E-007
 errorU,errorT:   1.2637665248711149E-006   3.0157481179182260E-007
 errorU,errorT:   1.1482590171912333E-006   3.1222724108297893E-007
 errorU,errorT:   1.0632873963051486E-006   3.1848370894221778E-007
 errorU,errorT:   1.0224734977749990E-006   3.2003808811860955E-007
 errorU,errorT:   1.0324809076477860E-006   3.1684621190793705E-007
 errorU,errorT:   1.0890660228020496E-006   3.0910333276344482E-007
 errorU,errorT:   1.1794810808823543E-006   2.9723379029932536E-007
 errorU,errorT:   1.2885282614652197E-006   2.8189239702812759E-007
 errorU,errorT:   1.4028104316058308E-006   2.6397853052328899E-007
 errorU,errorT:   1.5120081315137908E-006   2.4466289189734324E-007
 errorU,errorT:   1.6086525860162064E-006   2.2541890959253256E-007
 errorU,errorT:   1.6875606640985798E-006   2.0802614693114579E-007
 errorU,errorT:   1.7453528859976487E-006   1.9446376696006305E-007
 errorU,errorT:   1.7801230332356155E-006   1.8657230872775003E-007
 errorU,errorT:   1.7912303352659909E-006   1.8547030560010836E-007
 errorU,errorT:   1.7791763625250351E-006   1.9104824262888994E-007
 errorU,errorT:   1.7455401726591336E-006   2.0200419869528008E-007
 errorU,errorT:   1.6929547770122033E-006   2.1640003106040005E-007
 errorU,errorT:   1.6251128155997293E-006   2.3225492990245137E-007
 errorU,errorT:   1.5467847942171348E-006   2.4786795504533871E-007
 errorU,errorT:   1.4638138308099236E-006   2.6190197823576131E-007
 errorU,errorT:   1.3830073555250006E-006   2.7335944754660784E-007
 errorU,errorT:   1.3117816882999210E-006   2.8153315668270381E-007
 errorU,errorT:   1.2573738139928768E-006   2.8596354826489691E-007
t_ff=   420.00022 NuVolAvg=  3.02950E+01 ReVolRMS=  5.36270E+02
 errorU,errorT:   1.2255441713017256E-006   2.8640925793419199E-007
 errorU,errorT:   1.2190833771494059E-006   2.8282978228692378E-007
 errorU,errorT:   1.2368820741434731E-006   2.7537805284739844E-007
 errorU,errorT:   1.2742112717135013E-006   2.6440173266787510E-007
 errorU,errorT:   1.3240541390027513E-006   2.5045343659377374E-007
 errorU,errorT:   1.3786865051461707E-006   2.3431090065899989E-007
 errorU,errorT:   1.4308494060141141E-006   2.1700672259804034E-007
 errorU,errorT:   1.4743649978322389E-006   1.9985911622784409E-007
 errorU,errorT:   1.5043550940630185E-006   1.8447106708232945E-007
 errorU,errorT:   1.5172601441234194E-006   1.7261887971125685E-007
 errorU,errorT:   1.5107881237316656E-006   1.6591974300649710E-007
 errorU,errorT:   1.4838576896371933E-006   1.6528552266029056E-007
 errorU,errorT:   1.4365631607197435E-006   1.7048640180408727E-007
 errorU,errorT:   1.3701774824443987E-006   1.8023505998306811E-007
 errorU,errorT:   1.2872086374840154E-006   1.9272003094011300E-007
 errorU,errorT:   1.1915347206205468E-006   2.0613547342826516E-007
 errorU,errorT:   1.0886474851203359E-006   2.1895540047105333E-007
 errorU,errorT:   9.8600830230738170E-007   2.3000014931998520E-007
 errorU,errorT:   8.9337176981843550E-007   2.3841308529949637E-007
 errorU,errorT:   8.2249202998986700E-007   2.4361803151681669E-007
 errorU,errorT:   7.8498206426444649E-007   2.4528289554595059E-007
 errorU,errorT:   7.8772490413408237E-007   2.4329453296283191E-007
 errorU,errorT:   8.2882321667718849E-007   2.3774386970535892E-007
 errorU,errorT:   8.9866394380223902E-007   2.2891989434261003E-007
 errorU,errorT:   9.8487574178866631E-007   2.1731218825794329E-007
 errorU,errorT:   1.0762577615161571E-006   2.0362266552582577E-007
 errorU,errorT:   1.1641065272723445E-006   1.8878608391306180E-007
 errorU,errorT:   1.2421133875832424E-006   1.7399184368684486E-007
 errorU,errorT:   1.3059119716433867E-006   1.6067834973753316E-007
 errorU,errorT:   1.3526808610015623E-006   1.5043039314932688E-007
 errorU,errorT:   1.3808697865077879E-006   1.4468320307604002E-007
 errorU,errorT:   1.3900243319738747E-006   1.4424267775455344E-007
 errorU,errorT:   1.3806754169162183E-006   1.4890994729696030E-007
 errorU,errorT:   1.3542691613837234E-006   1.5756712155254843E-007
 errorU,errorT:   1.3131216271775851E-006   1.6865129905520026E-007
 errorU,errorT:   1.2603865081860936E-006   1.8061670064387377E-007
 errorU,errorT:   1.2000200790763592E-006   1.9216908317773341E-007
 errorU,errorT:   1.1367115386368318E-006   2.0231821695397860E-007
 errorU,errorT:   1.0757185173317769E-006   2.1035250151164217E-007
 errorU,errorT:   1.0225112554893246E-006   2.1579704376434335E-007
 errorU,errorT:   9.8212792280703176E-007   2.1837719750036713E-007
 errorU,errorT:   9.5825784297907306E-007   2.1799177263710071E-007
 errorU,errorT:   9.5232731839098243E-007   2.1469482575815699E-007
 errorU,errorT:   9.6307249728566865E-007   2.0868435140874220E-007
t_ff=   430.00011 NuVolAvg=  3.02952E+01 ReVolRMS=  5.36268E+02
 errorU,errorT:   9.8690551570494446E-007   2.0029681934775252E-007
 errorU,errorT:   1.0188741375625313E-006   1.9000717753913710E-007
 errorU,errorT:   1.0537014366412206E-006   1.7843372241099626E-007
 errorU,errorT:   1.0865327529029300E-006   1.6634510636255325E-007
 errorU,errorT:   1.1133202527530584E-006   1.5466014258297254E-007
 errorU,errorT:   1.1309504754706840E-006   1.4441758979749341E-007
 errorU,errorT:   1.1372392280169880E-006   1.3667630781949453E-007
 errorU,errorT:   1.1308782609377362E-006   1.3231228072612880E-007
 errorU,errorT:   1.1113773532698727E-006   1.3175292145612908E-007
 errorU,errorT:   1.0790221340111395E-006   1.3480472584891765E-007
 errorU,errorT:   1.0348574177865593E-006   1.4072036342936989E-007
 errorU,errorT:   9.8070346755210896E-007   1.4845692273546026E-007
 errorU,errorT:   9.1921081982679785E-007   1.5694199082271717E-007
 errorU,errorT:   8.5395398170478714E-007   1.6523297596249497E-007
 errorU,errorT:   7.8953477472371698E-007   1.7257357846417503E-007
 errorU,errorT:   7.3159142197592131E-007   1.7839475525015902E-007
 errorU,errorT:   6.8646037006425998E-007   1.8229676976587225E-007
 errorU,errorT:   6.6012691555872215E-007   1.8402978302953749E-007
 errorU,errorT:   6.5641773036896546E-007   1.8347887375947157E-007
 errorU,errorT:   6.7536291018976762E-007   1.8065454935129503E-007
 errorU,errorT:   7.1313687472920128E-007   1.7568847648204538E-007
 errorU,errorT:   7.6365943490126593E-007   1.6883409385602540E-007
 errorU,errorT:   8.2047910496606091E-007   1.6047187839543433E-007
 errorU,errorT:   8.7790368880883836E-007   1.5111846652493992E-007
 errorU,errorT:   9.3136726897970652E-007   1.4143612549221468E-007
 errorU,errorT:   9.7740914751685124E-007   1.3223193847690404E-007
 errorU,errorT:   1.0135399224305956E-006   1.2442247903210447E-007
 errorU,errorT:   1.0381107390769063E-006   1.1892632467079786E-007
 errorU,errorT:   1.0502176403512412E-006   1.1646274876962334E-007
 errorU,errorT:   1.0496394601109097E-006   1.1731594711467075E-007
 errorU,errorT:   1.0368024185653217E-006   1.2121673805754998E-007
 errorU,errorT:   1.0127635981883087E-006   1.2744264210147750E-007
 errorU,errorT:   9.7920736537184557E-007   1.3505564119348886E-007
 errorU,errorT:   9.3844671215216441E-007   1.4311873414603974E-007
 errorU,errorT:   8.9341515614731768E-007   1.5081595633136415E-007
 errorU,errorT:   8.4761890760644078E-007   1.5749212892006379E-007
 errorU,errorT:   8.0499125904772583E-007   1.6265243347426897E-007
 errorU,errorT:   7.6956846550034508E-007   1.6594920779933121E-007
 errorU,errorT:   7.4492151683987147E-007   1.6716826654063751E-007
 errorU,errorT:   7.3340691547358261E-007   1.6621866052137594E-007
 errorU,errorT:   7.3551449661746961E-007   1.6312656264467323E-007
 errorU,errorT:   7.4968783058491140E-007   1.5803314401219867E-007
 errorU,errorT:   7.7275251434418659E-007   1.5119643633428718E-007
 errorU,errorT:   8.0069810058717892E-007   1.4299726252496052E-007
t_ff=   440.00022 NuVolAvg=  3.02953E+01 ReVolRMS=  5.36267E+02
 errorU,errorT:   8.2942415663471028E-007   1.3394866700645713E-007
 errorU,errorT:   8.5523458014153312E-007   1.2470517627883674E-007
 errorU,errorT:   8.7507866999346865E-007   1.1605999047949321E-007
 errorU,errorT:   8.8662876653118565E-007   1.0890273985012734E-007
 errorU,errorT:   8.8827999010680109E-007   1.0409692607904366E-007
 errorU,errorT:   8.7912432908174570E-007   1.0226176419031718E-007
 errorU,errorT:   8.5892633642786945E-007   1.0354254388836808E-007
 errorU,errorT:   8.2811272542825102E-007   1.0753863972103352E-007
 errorU,errorT:   7.8778489906394269E-007   1.1345836529214727E-007
 errorU,errorT:   7.3976270262175046E-007   1.2037287961775434E-007
 errorU,errorT:   6.8666691781261438E-007   1.2741035320206798E-007
 errorU,errorT:   6.3203756230984352E-007   1.3384547722294569E-007
 errorU,errorT:   5.8043747047621543E-007   1.3911883549423163E-007
 errorU,errorT:   5.3736748359546356E-007   1.4282722132721070E-007
 errorU,errorT:   5.0862310649138218E-007   1.4470771398388024E-007
 errorU,errorT:   4.9875261971671498E-007   1.4462412650339826E-007
 errorU,errorT:   5.0911406582065455E-007   1.4255794730874776E-007
 errorU,errorT:   5.3712731799696329E-007   1.3860382027906085E-007
 errorU,errorT:   5.7753075967249308E-007   1.3296939524245713E-007
 errorU,errorT:   6.2439114230605901E-007   1.2597957282127560E-007
 errorU,errorT:   6.7242928059016420E-007   1.1808487713394887E-007
 errorU,errorT:   7.1746377740394759E-007   1.0987137306647128E-007
 errorU,errorT:   7.5639151921762629E-007   1.0206248667399631E-007
 errorU,errorT:   7.8703934399967827E-007   9.5488205845504030E-008
 errorU,errorT:   8.0802200171699572E-007   9.0980408074367649E-008
 errorU,errorT:   8.1863941192289196E-007   8.9169162411927291E-008
 errorU,errorT:   8.1880831129911176E-007   9.0249404962249200E-008
 errorU,errorT:   8.0901949725935260E-007   9.3889077237935634E-008
 errorU,errorT:   7.9031027173422930E-007   9.9367761343579923E-008
 errorU,errorT:   7.6424508910756874E-007   1.0582580202298581E-007
 errorU,errorT:   7.3289390750838444E-007   1.1245739229852431E-007
 errorU,errorT:   6.9879218332432267E-007   1.1859793517264161E-007
 errorU,errorT:   6.6485226765536924E-007   1.2374094708920503E-007
 errorU,errorT:   6.3417902086882798E-007   1.2752651737784681E-007
 errorU,errorT:   6.0973911707114979E-007   1.2972397496541063E-007
 errorU,errorT:   5.9387852132388026E-007   1.3021688374282191E-007
 errorU,errorT:   5.8780064111058916E-007   1.2899198980324638E-007
 errorU,errorT:   5.9124016905038467E-007   1.2613181119399165E-007
 errorU,errorT:   6.0253496132471530E-007   1.2181023236694664E-007
 errorU,errorT:   6.1906944950902292E-007   1.1629061666682219E-007
 errorU,errorT:   6.3785464275328309E-007   1.0992571667469954E-007
 errorU,errorT:   6.5601018127199237E-007   1.0315747660307112E-007
 errorU,errorT:   6.7105729316338842E-007   9.6511542464264678E-008
 errorU,errorT:   6.8104934612510040E-007   9.0575195734096530E-008
 errorU,errorT:   6.8460382494607882E-007   8.5940824163565555E-008
t_ff=   450.00011 NuVolAvg=  3.02955E+01 ReVolRMS=  5.36266E+02
 errorU,errorT:   6.8088764270358757E-007   8.3101417941539750E-008
 errorU,errorT:   6.6958762135552779E-007   8.2317588915325625E-008
 errorU,errorT:   6.5088212476194250E-007   8.3526001199838465E-008
 errorU,errorT:   6.2542192555135904E-007   8.6359695610842077E-008
 errorU,errorT:   5.9432488565412260E-007   9.0269734071723297E-008
 errorU,errorT:   5.5918638203708980E-007   9.4666831883311467E-008
 errorU,errorT:   5.2210250060484072E-007   9.9018441985349820E-008
 errorU,errorT:   4.8568554439030308E-007   1.0289167324881192E-007
 errorU,errorT:   4.5301550759407881E-007   1.0596145458423630E-007
 errorU,errorT:   4.2741322854631640E-007   1.0800357715395086E-007
 errorU,errorT:   4.1190028339940933E-007   1.0888387116778307E-007
 errorU,errorT:   4.0837176402279116E-007   1.0854822022295682E-007
 errorU,errorT:   4.1688677830601594E-007   1.0701488373023785E-007
 errorU,errorT:   4.3563205713030298E-007   1.0436934195734436E-007
 errorU,errorT:   4.6160994366562297E-007   1.0076149754573093E-007
 errorU,errorT:   4.9151656981519800E-007   9.6404836411682744E-008
 errorU,errorT:   5.2233886787967646E-007   9.1576631466615890E-008
 errorU,errorT:   5.5159877088879689E-007   8.6616857299341865E-008
 errorU,errorT:   5.7738419430077380E-007   8.1920762094759012E-008
 errorU,errorT:   5.9829678730899851E-007   7.7916153336561799E-008
 errorU,errorT:   6.1338629142832842E-007   7.5014720526474947E-008
 errorU,errorT:   6.2209609966213442E-007   7.3534971411894749E-008
 errorU,errorT:   6.2422484801508060E-007   7.3618280982878226E-008
 errorU,errorT:   6.1990182921497998E-007   7.5182721833149349E-008
 errorU,errorT:   6.0957347631787694E-007   7.7946904930907247E-008
 errorU,errorT:   5.9399683918382925E-007   8.1508495244985897E-008
 errorU,errorT:   5.7423558384761661E-007   8.5431160495625080E-008
 errorU,errorT:   5.5165212585851482E-007   8.9306402126205376E-008
 errorU,errorT:   5.2788328863430793E-007   9.2784868694817187E-008
 errorU,errorT:   5.0478038084322204E-007   9.5586891547710968E-008
 errorU,errorT:   4.8428515224895695E-007   9.7502991128652608E-008
 errorU,errorT:   4.6821818361105663E-007   9.8391109171713069E-008
 errorU,errorT:   4.5798597124416718E-007   9.8173764784998842E-008
 errorU,errorT:   4.5427784234048466E-007   9.6836329559821647E-008
 errorU,errorT:   4.5688058592540928E-007   9.4426767994751381E-008
 errorU,errorT:   4.6471351292319817E-007   9.1056890693859722E-008
 errorU,errorT:   4.7607235891441884E-007   8.6905027959162376E-008
 errorU,errorT:   4.8896388605161043E-007   8.2219596315025312E-008
 errorU,errorT:   5.0140467995880573E-007   7.7321751187163609E-008
 errorU,errorT:   5.1162474044553590E-007   7.2602281155591671E-008
 errorU,errorT:   5.1817853088807086E-007   6.8502636640746654E-008
 errorU,errorT:   5.1999372469600136E-007   6.5465290051914561E-008
 errorU,errorT:   5.1638712575399901E-007   6.3845185219580013E-008
 errorU,errorT:   5.0706717229543272E-007   6.3804588425082660E-008
t_ff=   460.00022 NuVolAvg=  3.02956E+01 ReVolRMS=  5.36266E+02
 errorU,errorT:   4.9213513879346129E-007   6.5251103224685173E-008
 errorU,errorT:   4.7209161214251368E-007   6.7866931952017185E-008
 errorU,errorT:   4.4785199910599360E-007   7.1208684098798907E-008
 errorU,errorT:   4.2077275186937106E-007   7.4812755064964788E-008
 errorU,errorT:   3.9268074105342367E-007   7.8263786466539272E-008
 errorU,errorT:   3.6587804808657805E-007   8.1224312612817981E-008
 errorU,errorT:   3.4304974977041515E-007   8.3441054083193098E-008
 errorU,errorT:   3.2695243647683862E-007   8.4741497209432702E-008
 errorU,errorT:   3.1979626174288493E-007   8.5028122175529914E-008
 errorU,errorT:   3.2249052832146767E-007   8.4273220218508487E-008
 errorU,errorT:   3.3425449714330106E-007   8.2515191215439680E-008
 errorU,errorT:   3.5293769022158056E-007   7.9856420171247522E-008
 errorU,errorT:   3.7578052411138297E-007   7.6462566865974882E-008
 errorU,errorT:   4.0008460635768978E-007   7.2562664756229108E-008
 errorU,errorT:   4.2356161883899588E-007   6.8448310948671347E-008
 errorU,errorT:   4.4443180714230027E-007   6.4467746457720746E-008
 errorU,errorT:   4.6140499284322330E-007   6.1006557689468559E-008
 errorU,errorT:   4.7362795645819113E-007   5.8443749731465631E-008
 errorU,errorT:   4.8063237028992096E-007   5.7078437076207846E-008
 errorU,errorT:   4.8229350061123555E-007   5.7046678369261371E-008
 errorU,errorT:   4.7879819135231899E-007   5.8275040037200949E-008
 errorU,errorT:   4.7061990464891330E-007   6.0506140005708583E-008
 errorU,errorT:   4.5849732787332911E-007   6.3379033654802528E-008
 errorU,errorT:   4.4341220063823553E-007   6.6514257133057191E-008
 errorU,errorT:   4.2655942608465100E-007   6.9570024432785715E-008
 errorU,errorT:   4.0929960791978757E-007   7.2267102497962379E-008
 errorU,errorT:   3.9307864161843169E-007   7.4394086150956126E-008
 errorU,errorT:   3.7930073195336403E-007   7.5804071512558762E-008
 errorU,errorT:   3.6915068935852719E-007   7.6408953671709629E-008
 errorU,errorT:   3.6339473274409948E-007   7.6174019152721252E-008
 errorU,errorT:   3.6222364965885147E-007   7.5113684733779453E-008
 errorU,errorT:   3.6521185638892278E-007   7.3288541101464414E-008
 errorU,errorT:   3.7141730923830129E-007   7.0803567034975454E-008
 errorU,errorT:   3.7957970138974240E-007   6.7807229132920490E-008
 errorU,errorT:   3.8833491280321155E-007   6.4490740525442914E-008
 errorU,errorT:   3.9638532164934031E-007   6.1085852814353094E-008
 errorU,errorT:   4.0260732921992223E-007   5.7857871082287646E-008
 errorU,errorT:   4.0610560596452872E-007   5.5088502615475909E-008
 errorU,errorT:   4.0623385041592811E-007   5.3042785624824589E-008
 errorU,errorT:   4.0259869983223487E-007   5.1920141382605258E-008
 errorU,errorT:   3.9505782280849838E-007   5.1803658573572855E-008
 errorU,errorT:   3.8371889427347079E-007   5.2633878256131461E-008
 errorU,errorT:   3.6894273605566832E-007   5.4224970293181947E-008
 errorU,errorT:   3.5135319937900711E-007   5.6313932989576226E-008
 errorU,errorT:   3.3185313253406087E-007   5.8615685599885279E-008
t_ff=   470.00011 NuVolAvg=  3.02956E+01 ReVolRMS=  5.36265E+02
 errorU,errorT:   3.1164148283833914E-007   6.0863569283155272E-008
 errorU,errorT:   2.9221498738593641E-007   6.2831020401202259E-008
 errorU,errorT:   2.7531485442292638E-007   6.4339696589218248E-008
 errorU,errorT:   2.6275610397480533E-007   6.5260585608749008E-008
 errorU,errorT:   2.5608726705928050E-007   6.5512516458633947E-008
 errorU,errorT:   2.5614544245224149E-007   6.5060305869129968E-008
 errorU,errorT:   2.6274493175778233E-007   6.3913481545999511E-008
 errorU,errorT:   2.7473634400726194E-007   6.2125877375270549E-008
 errorU,errorT:   2.9039171112638426E-007   5.9796081750720236E-008
 errorU,errorT:   3.0784584876234614E-007   5.7068400614342244E-008
 errorU,errorT:   3.2539366669836547E-007   5.4133311434642446E-008
 errorU,errorT:   3.4162120247980412E-007   5.1224943221364162E-008
 errorU,errorT:   3.5543464329449775E-007   4.8610668558865256E-008
 errorU,errorT:   3.6604655796256605E-007   4.6565627505931732E-008
 errorU,errorT:   3.7295178910198837E-007   4.5327124268208906E-008
 errorU,errorT:   3.7590526282782298E-007   4.5036331702797679E-008
 errorU,errorT:   3.7490495725353526E-007   4.5693714803171484E-008
 errorU,errorT:   3.7017872702456759E-007   4.7157414170193307E-008
 errorU,errorT:   3.6217338672538178E-007   4.9186592130931572E-008
 errorU,errorT:   3.5154279275331950E-007   5.1501838787708455E-008
 errorU,errorT:   3.3913031458400399E-007   5.3833909103925051E-008
 errorU,errorT:   3.2593873909933510E-007   5.5951091305214223E-008
 errorU,errorT:   3.1307638066581617E-007   5.7669801623444895E-008
 errorU,errorT:   3.0166737196229028E-007   5.8856144954493464E-008
 errorU,errorT:   2.9271949387125688E-007   5.9423891255773051E-008
 errorU,errorT:   2.8696259773080787E-007   5.9331641287831940E-008
 errorU,errorT:   2.8470210857955045E-007   5.8580275926491550E-008
 errorU,errorT:   2.8574864129988441E-007   5.7211011788247149E-008
 errorU,errorT:   2.8946290213024094E-007   5.5304042994391458E-008
 errorU,errorT:   2.9489769290729089E-007   5.2977551459309683E-008
 errorU,errorT:   3.0097568106500262E-007   5.0386468998325958E-008
 errorU,errorT:   3.0664528457878979E-007   4.7719616041868140E-008
 errorU,errorT:   3.1098623232272924E-007   4.5192470969796499E-008
 errorU,errorT:   3.1326819930851743E-007   4.3031270292963143E-008
 errorU,errorT:   3.1297578722383391E-007   4.1444288171747163E-008
 errorU,errorT:   3.0981440293922362E-007   4.0581588785366712E-008
 errorU,errorT:   3.0370830353875594E-007   4.0496143967146769E-008
 errorU,errorT:   2.9479602832006888E-007   4.1127452011031929E-008
 errorU,errorT:   2.8342698235038847E-007   4.2319503596365248E-008
 errorU,errorT:   2.7016074468377585E-007   4.3862671438139834E-008
 errorU,errorT:   2.5576653370284453E-007   4.5537319092908190E-008
 errorU,errorT:   2.4121698206881867E-007   4.7144228028672940E-008
 errorU,errorT:   2.2766069922954618E-007   4.8519857896304825E-008
 errorU,errorT:   2.1634357876374965E-007   4.9541158797925118E-008
t_ff=   480.00022 NuVolAvg=  3.02956E+01 ReVolRMS=  5.36264E+02
 errorU,errorT:   2.0844848730603743E-007   5.0125097663478044E-008
 errorU,errorT:   2.0485107864994347E-007   5.0226220413076005E-008
 errorU,errorT:   2.0587219755092572E-007   4.9833903239320014E-008
 errorU,errorT:   2.1117072625506676E-007   4.8969940730876337E-008
 errorU,errorT:   2.1985693780457141E-007   4.7686626602860528E-008
 errorU,errorT:   2.3075010905841316E-007   4.6065196263133894E-008
 errorU,errorT:   2.4263191458494158E-007   4.4214226280265462E-008
 errorU,errorT:   2.5440917924318745E-007   4.2267115450768439E-008
 errorU,errorT:   2.6518513590394566E-007   4.0377085985357850E-008
 errorU,errorT:   2.7427417366107748E-007   3.8707355248425116E-008
 errorU,errorT:   2.8119196533875868E-007   3.7414134850780059E-008
 errorU,errorT:   2.8563823801612928E-007   3.6622451162755022E-008
 errorU,errorT:   2.8747987496249031E-007   3.6400228366018853E-008
 errorU,errorT:   2.8673669889462399E-007   3.6741458407453187E-008
 errorU,errorT:   2.8356988303452961E-007   3.7567877564133187E-008
 errorU,errorT:   2.7827156540921737E-007   3.8748671611084293E-008
 errorU,errorT:   2.7125477043215461E-007   4.0128102589832127E-008
 errorU,errorT:   2.6304025775518603E-007   4.1549994129576589E-008
 errorU,errorT:   2.5423744604527400E-007   4.2873879884018927E-008
 errorU,errorT:   2.4551394631981539E-007   4.3983213501702719E-008
 errorU,errorT:   2.3754868794447467E-007   4.4788350951144006E-008
 errorU,errorT:   2.3096543620431154E-007   4.5226826101667859E-008
 errorU,errorT:   2.2625199467599146E-007   4.5262576011948058E-008
 errorU,errorT:   2.2368070126491387E-007   4.4884962921746020E-008
 errorU,errorT:   2.2325694654428758E-007   4.4107968027118557E-008
 errorU,errorT:   2.2471746251408920E-007   4.2969658541874621E-008
 errorU,errorT:   2.2758036232481439E-007   4.1531857208564666E-008
 errorU,errorT:   2.3122984245221988E-007   3.9879734946150140E-008
 errorU,errorT:   2.3500562451222729E-007   3.8120714635013364E-008
 errorU,errorT:   2.3827749129102728E-007   3.6381493553558942E-008
 errorU,errorT:   2.4049676796061921E-007   3.4801271976254009E-008
 errorU,errorT:   2.4122750446795171E-007   3.3518933538914104E-008
 errorU,errorT:   2.4016252910273172E-007   3.2653237598891040E-008
 errorU,errorT:   2.3713165084631256E-007   3.2279169791364822E-008
 errorU,errorT:   2.3210539207724725E-007   3.2409090044955888E-008
 errorU,errorT:   2.2519851563307662E-007   3.2988484986273715E-008
 errorU,errorT:   2.1667353129571484E-007   3.3909213636584026E-008
 errorU,errorT:   2.0694520438056251E-007   3.5033254195455362E-008
 errorU,errorT:   1.9658353789649432E-007   3.6216444710442255E-008
 errorU,errorT:   1.8630889251785549E-007   3.7325672873414563E-008
 errorU,errorT:   1.7696510540857328E-007   3.8248589494173042E-008
 errorU,errorT:   1.6945119416678898E-007   3.8897893869861250E-008
 errorU,errorT:   1.6459027700788394E-007   3.9212605793428690E-008
 errorU,errorT:   1.6294901474086013E-007   3.9158026783416644E-008
t_ff=   490.00011 NuVolAvg=  3.02956E+01 ReVolRMS=  5.36264E+02
 errorU,errorT:   1.6467376777330655E-007   3.8725339343957253E-008
 errorU,errorT:   1.6943953181598544E-007   3.7931281993155234E-008
 errorU,errorT:   1.7654733694256257E-007   3.6818022672018688E-008
 errorU,errorT:   1.8510631771103707E-007   3.5453127378092582E-008
 errorU,errorT:   1.9420590782988523E-007   3.3929211246886146E-008
 errorU,errorT:   2.0302615057313748E-007   3.2362294216097868E-008
 errorU,errorT:   2.1088999237787193E-007   3.0887046306245892E-008
 errorU,errorT:   2.1727824844989276E-007   2.9646213852850821E-008
 errorU,errorT:   2.2182845843283917E-007   2.8771913357383483E-008
 errorU,errorT:   2.2432752105157642E-007   2.8360030908312287E-008
 errorU,errorT:   2.2470380651431259E-007   2.8445832663061340E-008
 errorU,errorT:   2.2302011450724265E-007   2.8993274599125765E-008
 errorU,errorT:   2.1946693866026414E-007   2.9904862635840460E-008
 errorU,errorT:   2.1435514930399361E-007   3.1046282768385445E-008
 errorU,errorT:   2.0810572033615330E-007   3.2273117686813351E-008
 errorU,errorT:   2.0123309776033128E-007   3.3450629760656588E-008
 errorU,errorT:   1.9431786639650041E-007   3.4464798696309681E-008
 errorU,errorT:   1.8796244381998434E-007   3.5226913749236532E-008
 errorU,errorT:   1.8272728969584784E-007   3.5674627394024213E-008
 errorU,errorT:   1.7905151387310090E-007   3.5771481639087445E-008
 errorU,errorT:   1.7717505347251220E-007   3.5505975792255852E-008
 errorU,errorT:   1.7708981128469339E-007   3.4890630783349906E-008
 errorU,errorT:   1.7854114480431496E-007   3.3961173420241958E-008
 errorU,errorT:   1.8108186804010707E-007   3.2775758904711977E-008
 errorU,errorT:   1.8415623143506787E-007   3.1413937849536382E-008
 errorU,errorT:   1.8718567577548270E-007   2.9974693921711984E-008
 errorU,errorT:   1.8963608192774086E-007   2.8572355205135789E-008
 errorU,errorT:   1.9106187126886163E-007   2.7328548562281664E-008
 errorU,errorT:   1.9112991380242175E-007   2.6358466793309485E-008
 errorU,errorT:   1.8963033088163667E-007   2.5751712364210359E-008
 errorU,errorT:   1.8647993177303594E-007   2.5552481144279404E-008
 errorU,errorT:   1.8172219876879502E-007   2.5747920538117643E-008
 errorU,errorT:   1.7552564576952490E-007   2.6271628427664516E-008
 errorU,errorT:   1.6818276687375905E-007   2.7020815581563277E-008
 errorU,errorT:   1.6010726992945755E-007   2.7878390228017340E-008
 errorU,errorT:   1.5182788601696351E-007   2.8731476569284756E-008
 errorU,errorT:   1.4396961941185739E-007   2.9482961285114021E-008
 errorU,errorT:   1.3721242426653517E-007   3.0056901542770858E-008
 errorU,errorT:   1.3221107924195863E-007   3.0400061353033900E-008
 errorU,errorT:   1.2947677319761275E-007   3.0481503411871635E-008
 errorU,errorT:   1.2925139448801501E-007   3.0291406161074446E-008
 errorU,errorT:   1.3143717306555019E-007   2.9839680810339260E-008
 errorU,errorT:   1.3562756275189789E-007   2.9154584492681384E-008
 errorU,errorT:   1.4122242159386479E-007   2.8281316262363395E-008
 errorU,errorT:   1.4756123980825663E-007   2.7280377754653795E-008
t_ff=   500.00022 NuVolAvg=  3.02956E+01 ReVolRMS=  5.36263E+02
 errorU,errorT:   1.5402488363046026E-007   2.6225255772707209E-008
 errorU,errorT:   1.6008950008025300E-007   2.5198707622365087E-008
 errorU,errorT:   1.6534581824881517E-007   2.4286731687225277E-008
 errorU,errorT:   1.6949965757778913E-007   2.3569536166902862E-008
 errorU,errorT:   1.7236398605393937E-007   2.3110005971950933E-008
 errorU,errorT:   1.7384874619382582E-007   2.2942265539096845E-008
 errorU,errorT:   1.7395138834114119E-007   2.3064664290710291E-008
 errorU,errorT:   1.7274720073048816E-007   2.3440648368743272E-008
 errorU,errorT:   1.7038149534748123E-007   2.4007318446024293E-008
 errorU,errorT:   1.6706043806917759E-007   2.4687830354196049E-008
 errorU,errorT:   1.6304187555864783E-007   2.5403129612247667E-008
 errorU,errorT:   1.5862302160076145E-007   2.6080405809474384E-008
 errorU,errorT:   1.5412497508558037E-007   2.6657956426808479E-008
 errorU,errorT:   1.4987072670174106E-007   2.7087349538499305E-008
 errorU,errorT:   1.4615829556267884E-007   2.7333988106397421E-008
 errorU,errorT:   1.4322900436418455E-007   2.7376904711139570E-008
 errorU,errorT:   1.4123649588210514E-007   2.7208295717532584E-008
 errorU,errorT:   1.4022476866831067E-007   2.6833034620630894E-008
 errorU,errorT:   1.4012118705487715E-007   2.6268277082560331E-008
 errorU,errorT:   1.4074924971043341E-007   2.5543121570989097E-008
 errorU,errorT:   1.4185580369912265E-007   2.4698207239527746E-008
 errorU,errorT:   1.4314654743875505E-007   2.3784973786162660E-008
 errorU,errorT:   1.4432019236970253E-007   2.2864109254153709E-008
 errorU,errorT:   1.4509737199196567E-007   2.2002491800579303E-008
 errorU,errorT:   1.4524100330383705E-007   2.1267848814199780E-008
 errorU,errorT:   1.4457070057058694E-007   2.0720749839539565E-008
 errorU,errorT:   1.4297158543278719E-007   2.0404814227754782E-008
 errorU,errorT:   1.4040055951170298E-007   2.0337776724899112E-008
 errorU,errorT:   1.3689058969956983E-007   2.0507035776859557E-008
 errorU,errorT:   1.3255385862024376E-007   2.0871932515721792E-008
 errorU,errorT:   1.2758468801875439E-007   2.1371828583885697E-008
 errorU,errorT:   1.2225946919249702E-007   2.1936586216041388E-008
 errorU,errorT:   1.1693209159871243E-007   2.2496072836589284E-008
 errorU,errorT:   1.1201811215330236E-007   2.2987008269595273E-008
 errorU,errorT:   1.0796102998373858E-007   2.3357098364260788E-008
 errorU,errorT:   1.0517335210499580E-007   2.3567188591598815E-008
 errorU,errorT:   1.0395864845565696E-007   2.3592229117199542E-008
 errorU,errorT:   1.0443671112205833E-007   2.3421631225131091E-008
 errorU,errorT:   1.0650884572558789E-007   2.3059349121360366E-008
 errorU,errorT:   1.0988156002130519E-007   2.2523804416733147E-008
 errorU,errorT:   1.1413701251963429E-007   2.1847646990659521E-008
 errorU,errorT:   1.1881302767522490E-007   2.1077136532796288E-008
 errorU,errorT:   1.2346761168324186E-007   2.0270712582970586E-008
 errorU,errorT:   1.2771705144807840E-007   1.9496012585034650E-008
t_ff=   510.00011 NuVolAvg=  3.02956E+01 ReVolRMS=  5.36263E+02
 errorU,errorT:   1.3125522963411409E-007   1.8824389383172058E-008
 errorU,errorT:   1.3385908725321444E-007   1.8322257552453390E-008
 errorU,errorT:   1.3538958166739217E-007   1.8039930227102648E-008
 errorU,errorT:   1.3578822457832126E-007   1.8000884520579014E-008
 errorU,errorT:   1.3507391359703441E-007   1.8195964007028575E-008
 errorU,errorT:   1.3333812963151268E-007   1.8585593584105190E-008
 errorU,errorT:   1.3073951787595538E-007   1.9108963995903909E-008
 errorU,errorT:   1.2749601070676403E-007   1.9695912826935702E-008
 errorU,errorT:   1.2387388191485509E-007   2.0277322947167816E-008
 errorU,errorT:   1.2017146283139503E-007   2.0792152133681738E-008
 errorU,errorT:   1.1669626621454659E-007   2.1191250677624284E-008
 errorU,errorT:   1.1373314986011421E-007   2.1438945896148407E-008
 errorU,errorT:   1.1150932520335372E-007   2.1513366728504798E-008
 errorU,errorT:   1.1015880655653982E-007   2.1406144566155068E-008
 errorU,errorT:   1.0970080261879030E-007   2.1121840878141563E-008
 errorU,errorT:   1.1003738216874771E-007   2.0677248104502832E-008
 errorU,errorT:   1.1097397885278545E-007   2.0100564908561009E-008
 errorU,errorT:   1.1225454698390743E-007   1.9430323626770413E-008
 errorU,errorT:   1.1360111577217261E-007   1.8713835040518425E-008
 errorU,errorT:   1.1474732530121522E-007   1.8004722263307741E-008
 errorU,errorT:   1.1546302320373346E-007   1.7359048448803897E-008
 errorU,errorT:   1.1556932253350948E-007   1.6829656851921517E-008
 errorU,errorT:   1.1494612606408397E-007   1.6458992396887084E-008
 errorU,errorT:   1.1353501036181972E-007   1.6271851751227890E-008
 errorU,errorT:   1.1133960373397921E-007   1.6270520746598358E-008
 errorU,errorT:   1.0842429113272174E-007   1.6434530973631968E-008
 errorU,errorT:   1.0491233544730004E-007   1.6725322906324952E-008
 errorU,errorT:   1.0098274598400519E-007   1.7093858073081462E-008
 errorU,errorT:   9.6865653168286984E-008   1.7488425255499588E-008
 Elapsed seconds:    12252.61102100000     
